ClientID,Client Name,PayerID,UserName,Paymentref,Uniqueref,Txn Date,Cashflow,PaymentAmount,Currency,PayDirection,ProviderID,PaymentProviderDesc,ProviderID
9884,iGi-gmycdy,670066766,nv1a78825311,7075137677,A48E6u66-aE91-4aa1-82AE-352345818B3A,5/6/2025,Withdrawn,9800,USD,Withdrawal,67890,Pi Rec,7775687677
9884,iGi-gmycdy,706587766,nv1anvDanie4691356,7074877070,86a9A1uE-6AB5-4518-9AaB-u9u201B2u3D4,5/6/2025,Captured,50,USD,Deposit,67890,Pi Rec,7774877777
9884,iGi-gmycdy,706589608,nv1anvAshle0409812,7074854338,B06aa113-B554-44aA-916B-E0B1uE63818E,5/6/2025,Captured,25,USD,Deposit,67890,Pi Rec,7774854888
9999,iGi-iichimqn,609876960,mi1aJafara9707,7074038537,aEaDD0Eu-5082-4a26-9EB8-0384a894686a,5/6/2025,Withdrawn,300,USD,Withdrawal,67890,Pi Rec,7774788587
9880,iGi-iIiiiiiii,678876494,mf1aSamuel07382mf2,7074547870,8280aEB8-a442-4392-BB31-a5B0B832uaD4,5/6/2025,Captured,50,USD,Deposit,67890,Pi Rec,7774547877
9884,iGi-gmycdy,706598798,nv1anvJoel1466121,7075130131,B9a85a30-EA1E-4D9B-90A9-6B0133aAAau6,5/6/2025,Withdrawn,76.36,USD,Withdrawal,67890,Pi Rec,7775687686
9884,iGi-gmycdy,706606488,nv1anvBill5820656,7075085937,5u25DD12-94E1-4460-A24u-a9EDA4EB9352,5/6/2025,Captured,20,USD,Deposit,67890,Pi Rec,7775785987
9854,iGi-iiIO,675706989,oh1aMarc95752in,7074601753,84Ba63aB-B892-439a-B8u2-Da15ua34B60a,5/6/2025,Withdrawn,500000,USD,Withdrawal,67890,Pi Rec,7774676758
9884,iGi-gmycdy,696565609,nv1alaTrent5630276,7074867979,826Ba83u-a435-4a3A-939E-4A33D6uEBaa8,5/6/2025,Captured,40,USD,Deposit,67890,Pi Rec,7774867979
9884,iGi-gmycdy,698468767,nv1anvJon5924142,7074636934,aE0u119D-6aua-46Aa-B36a-BD16a0A94A58,5/6/2025,Withdrawn,500,USD,Withdrawal,67890,Pi Rec,7774686984
9854,iGi-iiIO,648978067,oh1aohJim7654034,7074731773,896D5922-ED9A-4603-98aa-5615D31Eaa48,5/6/2025,Withdrawn,200,USD,Withdrawal,67890,Pi Rec,7774786778
9886,iGi-iyttychutettt,667505805,mh1amhGregg9771472,7074876567,04D6u839-1855-4A58-A5B6-DA20BA1BE500,5/6/2025,Withdrawn,1800,USD,Withdrawal,67890,Pi Rec,7774876567
9884,iGi-gmycdy,706597758,nv1anvAntho1370910,7074998074,46004249-4D26-496D-AE01-D8E8A9a34D43,5/6/2025,Captured,100,USD,Deposit,67890,Pi Rec,777478774
9846,iGi-iueoto oico,648805659,pu1apuJorge5958561,7074973748,5D550u5D-02u2-42B6-A622-DD5A1a844aau,5/6/2025,Captured,60,USD,Deposit,67890,Pi Rec,7774978748
9884,iGi-gmycdy,706589996,nv1anvDavid3040366,7074869563,u6aEu38A-4A66-44aa-AB4E-9E98a820DD4a,5/6/2025,Captured,100,USD,Deposit,67890,Pi Rec,7774869568
9884,iGi-gmycdy,670606466,nv1a68636114,7074814181,21D51aA8-1251-40B2-Aa29-4a84aa3B294a,5/6/2025,Withdrawn,630.1,USD,Withdrawal,67890,Pi Rec,7774864686
9854,iGi-iiIO,675706989,oh1aMarc95752in,7074597553,6423AD3a-3065-46a9-9a43-016648aaA32B,5/6/2025,Withdrawn,500000,USD,Withdrawal,67890,Pi Rec,7774597558
9884,iGi-gmycdy,706590865,nv1anvTimot7006581,7075144731,E649EAD9-955a-44DA-9195-32aa55D2B6AB,5/6/2025,Withdrawn,250,USD,Withdrawal,67890,Pi Rec,7775644786
9884,iGi-gmycdy,706598488,nv1anvTrist3698218,7074977669,3D35838E-E08D-4u0A-B3uE-3A5EaB1B68a0,5/6/2025,Captured,20,USD,Deposit,67890,Pi Rec,7774977669
9884,iGi-gmycdy,668647449,nv1a92828302,7074797076,aa8299a2-08a8-4852-Ba65-D56145a30D1D,5/6/2025,Withdrawn,1010,USD,Withdrawal,67890,Pi Rec,7774797776
9884,iGi-gmycdy,706598548,nv1anvAlex8400851,7075073918,aa692523-2E34-496B-80ED-Da3EB81A0B9E,5/6/2025,Captured,100,USD,Deposit,67890,Pi Rec,7775778968
9884,iGi-gmycdy,706597040,nv1anvJeffr9812634,7074993507,6012au2a-840A-4aa8-AD36-0E664uE8aB3A,5/6/2025,Captured,300,USD,Deposit,67890,Pi Rec,777478577
9846,iGi-iueoto oico,648544695,pu1apuLuis4784085,7074790031,8aAB2aB9-BBa1-481a-829a-A30224aE11a1,5/6/2025,Captured,120,USD,Deposit,67890,Pi Rec,7774777986
9999,iGi-iichimqn,98899978,mi1aJeremy25823mi,7073857350,E631052D-8uaB-4a60-ADuA-E304D43ED4D3,4/6/2025,Withdrawn,228.63,USD,Withdrawal,67890,Pi Rec,7778857857
9884,iGi-gmycdy,706594888,nv1anvMatth9439035,7074951578,A56a5Ea2-56Ea-4a9E-BA45-5a445u9EEa1D,5/6/2025,Captured,45,USD,Deposit,67890,Pi Rec,7774956578
9884,iGi-gmycdy,706580574,nv1anvUmitc3341834,7074980706,9EE8aDD3-8A0a-4u03-B143-B6u360aA3013,5/6/2025,Captured,200,USD,Deposit,67890,Pi Rec,7774987776
9884,iGi-gmycdy,706577984,nv1anvDylan3798770,7074775873,E269EuE2-8139-4a92-A0B5-6E12E3982AaE,5/6/2025,Captured,100,USD,Deposit,67890,Pi Rec,7774775878
9884,iGi-gmycdy,697869989,nv1aBradley05501mh1,7074976039,uaB936Ba-4D66-4aaD-A0a1-8166EDaDa6ua,5/6/2025,Withdrawn,200,USD,Withdrawal,67890,Pi Rec,7774976789
9884,iGi-gmycdy,706594878,nv1anvWilli6399545,7074947355,B51Ea6A6-B08E-45DE-AE21-0A63D265B9E4,5/6/2025,Captured,300,USD,Deposit,67890,Pi Rec,7774947855
9999,iGi-iichimqn,658976648,mi1amiOwen3281176,7074577116,4606aE08-06B3-4201-BAuE-a6D55621443a,5/6/2025,Withdrawn,2200,USD,Withdrawal,67890,Pi Rec,7774577666
9846,iGi-iueoto oico,648676889,pu1apuJuan8188304,7074593691,A5aEa189-ED55-4B81-806E-5B1uu8uE5Eu1,5/6/2025,Withdrawn,700,USD,Withdrawal,67890,Pi Rec,7774598696
9999,iGi-iichimqn,660486489,mi1amiJoye7790736,7073653857,25AaDuB4-E35A-48A0-85u0-aBB41599aEBE,4/6/2025,Withdrawn,2800,USD,Withdrawal,67890,Pi Rec,7778658857
9884,iGi-gmycdy,706595706,nv1anvConno5226556,7074958069,060aA5EE-EEDu-496A-8ABu-aBAEa1B343u6,5/6/2025,Captured,250,USD,Deposit,67890,Pi Rec,7774958769
9884,iGi-gmycdy,706578565,nv1anvAndre6838014,7075080787,418B5645-D65A-4429-820D-9a51a95098AE,5/6/2025,Withdrawn,454.55,USD,Withdrawal,67890,Pi Rec,7775787787
9999,iGi-iichimqn,667899865,mi1aLarry74642mi,7074789058,AEaE93aa-0A35-4D4D-A64D-452819a9D6AA,5/6/2025,Captured,100,USD,Deposit,67890,Pi Rec,7774787958
9884,iGi-gmycdy,706586949,nv1anvMicha2565049,7074816536,4uE9BBA3-21A3-4311-A6Ba-E85u29B39D8a,5/6/2025,Captured,150,USD,Deposit,67890,Pi Rec,7774866586
9884,iGi-gmycdy,706595776,nv1anvJim1531898,7074958554,04a2188B-A954-460a-899u-A38A5a46A0B0,5/6/2025,Captured,20,USD,Deposit,67890,Pi Rec,7774958554
9884,iGi-gmycdy,666486676,nv1a63841636,7074573643,8u4D6188-5D3D-48au-ADAD-A8ua3a094BEE,5/6/2025,Captured,1100,USD,Deposit,67890,Pi Rec,7774578648
9854,iGi-iiIO,675706989,oh1aMarc95752in,7074593776,4aa4aB52-BuaD-4BD1-9aB9-u46E3ADD59ua,5/6/2025,Withdrawn,500000,USD,Withdrawal,67890,Pi Rec,7774598776
9884,iGi-gmycdy,706598974,nv1anvNicol6400351,7074936064,a2A44uA8-E3D0-48AA-9aEu-186ADu5ADa89,5/6/2025,Captured,20,USD,Deposit,67890,Pi Rec,7774986764
9884,iGi-gmycdy,706579670,nv1anvJames4979751,7075130544,9B5B8955-a3a0-49Du-9902-8a50613u65aA,5/6/2025,Withdrawn,363.64,USD,Withdrawal,67890,Pi Rec,7775687544
9886,iGi-iyttychutettt,647776467,mh1aJason77611mh,7074348738,D9aa3E49-8Baa-4E6A-8604-36262a6B0A34,5/6/2025,Withdrawn,70,USD,Withdrawal,67890,Pi Rec,7774848788
9886,iGi-iyttychutettt,647776467,mh1aJason77611mh,7074347479,3u468D9a-5982-4Au2-9Du3-EDABA006D2B2,5/6/2025,Withdrawn,500,USD,Withdrawal,67890,Pi Rec,7774847479
9884,iGi-gmycdy,706578677,nv1anvMike3794920,7074777418,Da5664ua-46aD-4u3a-8252-EE262au9BuAB,5/6/2025,Captured,250,USD,Deposit,67890,Pi Rec,7774777468
9884,iGi-gmycdy,678870908,nv1a42764811,7074604715,EaB820E4-8609-4Ba0-ABaD-aauA5u6u5D91,5/6/2025,Captured,65,USD,Deposit,67890,Pi Rec,7774674765
9854,iGi-iiIO,675706989,oh1aMarc95752in,7074603183,9aAD2AAa-EBAa-4EB5-A40u-31E44D5uua06,5/6/2025,Withdrawn,500000,USD,Withdrawal,67890,Pi Rec,7774678688
9884,iGi-gmycdy,700440488,nv1amjJulio5347117,7075000406,aB93B2DE-2EE0-4184-9059-EB6E619905A5,5/6/2025,Withdrawn,3000,USD,Withdrawal,67890,Pi Rec,7775777476
9884,iGi-gmycdy,706597846,nv1anvRod6569690,7074999817,u358Eu92-Bu26-44BD-Ba93-uAaau9A3u23E,5/6/2025,Captured,25,USD,Deposit,67890,Pi Rec,777479867
9854,iGi-iiIO,686579860,oh1aAnthony61521md,7075073801,D2650AEE-EBuu-485D-B4A2-a209A5aaEuA8,5/6/2025,Captured,100,USD,Deposit,67890,Pi Rec,7775778876
9884,iGi-gmycdy,706596568,nv1anvHunte1475407,7074893565,8a2699D8-60DE-4Ea6-9A8E-0880052D8u1u,5/6/2025,Captured,200,USD,Deposit,67890,Pi Rec,7774898565
9884,iGi-gmycdy,706596467,nv1a97547343,7074987835,a5u06896-509a-41D0-BDu5-EaB20AD1a208,5/6/2025,Captured,20,USD,Deposit,67890,Pi Rec,7774987885
9884,iGi-gmycdy,706588588,nv1anvRandy6288178,7074849159,EB415200-0aB1-41aD-B424-40D359aEaaa4,5/6/2025,Captured,20,USD,Deposit,67890,Pi Rec,7774849659
9884,iGi-gmycdy,706496505,nv1anvLelan9561191,7074604474,E09EuD46-30Aa-4B80-8a4E-2EBD29D41BAA,5/6/2025,Withdrawn,126,USD,Withdrawal,67890,Pi Rec,7774674474
9884,iGi-gmycdy,706595884,nv1anvKevin4420380,7074961473,aD82EBaa-2a9a-4Ea9-AB45-65aaD5E23634,5/6/2025,Captured,100,USD,Deposit,67890,Pi Rec,7774966478
9886,iGi-iyttychutettt,647776467,mh1aJason77611mh,7075047496,9Eauu58B-E1B5-453D-B36A-0990B2E95604,5/6/2025,Withdrawn,130,USD,Withdrawal,67890,Pi Rec,7775747496
9884,iGi-gmycdy,706578657,nv1anvSaumi8039220,7074777759,a592a1ua-4uEu-45BB-B1a5-6BD9510399Da,5/6/2025,Captured,100,USD,Deposit,67890,Pi Rec,7774777759
9846,iGi-iueoto oico,700879459,pu1apuRafae0182336,7074819114,0aa4u64a-15a2-45B3-9065-E20651A0B1Ea,5/6/2025,Withdrawn,10000,USD,Withdrawal,67890,Pi Rec,7774869664
9884,iGi-gmycdy,706598989,nv1anvQuyen6717701,7075034450,140E6452-u692-4EEa-Au83-3226629E468E,5/6/2025,Captured,100,USD,Deposit,67890,Pi Rec,7775784457
9884,iGi-gmycdy,706598777,nv1anvJason3481321,7074937917,0A83aaE2-DuBE-4B00-94u3-EBEa826B2a0B,5/6/2025,Captured,250,USD,Deposit,67890,Pi Rec,7774987967
9884,iGi-gmycdy,706580044,nv1anvDebra7212800,7074751546,82A5A344-D0DE-43A3-AA26-33uaa96166D1,5/6/2025,Captured,50,USD,Deposit,67890,Pi Rec,7774756546
9888,iGi-yoizony,684580607,az1aazHecto3345163,7075130416,8A95D4E3-D453-48A8-8Du8-a96D81Eu8aE5,5/6/2025,Withdrawn,1800,USD,Withdrawal,67890,Pi Rec,7775687466
9884,iGi-gmycdy,706597570,nv1anvJorge2005711,7074913697,321302u9-6DE0-4u9E-8Ea0-2899A6A0E0au,5/6/2025,Captured,200,USD,Deposit,67890,Pi Rec,7774968697
9884,iGi-gmycdy,706578677,nv1anvMike3794920,7075144884,aaB63BD6-859E-4a05-A8B4-86DDa4aBD631,5/6/2025,Withdrawn,488,USD,Withdrawal,67890,Pi Rec,7775644884
9999,iGi-iichimqn,686757759,mi1aDeiaire5325,7074545569,aDAB6491-a6A4-416B-80Ba-829E634B96u8,5/6/2025,Withdrawn,200,USD,Withdrawal,67890,Pi Rec,7774545569
9846,iGi-iueoto oico,648598987,pu1apuGabri5871306,7074616031,2412183A-5EaB-4Da2-9B9A-BBE595A05D9D,5/6/2025,Withdrawn,3660,USD,Withdrawal,67890,Pi Rec,7774666786
9854,iGi-iiIO,686708674,oh1aChristine211oh1,7074959349,E9D60B00-13A3-4a6E-94BE-410u080aE441,5/6/2025,Withdrawn,50,USD,Withdrawal,67890,Pi Rec,7774959849
9999,iGi-iichimqn,97769648,mi1aBalal1891,7075136061,3D198E1a-E5DA-4A06-8610-A124E15aDaA3,5/6/2025,Withdrawn,460,USD,Withdrawal,67890,Pi Rec,7775686766
9884,iGi-gmycdy,706578565,nv1anvAndre6838014,7074737798,54D3Ba0A-80u0-4EaE-9uB2-uaaB0u43a83A,5/6/2025,Captured,250,USD,Deposit,67890,Pi Rec,7774787798
9884,iGi-gmycdy,706590976,nv1anvMicha5480388,7074884997,6Aa5E28a-uBa9-495B-8433-61BEDu126aE0,5/6/2025,Captured,100,USD,Deposit,67890,Pi Rec,777488477
9846,iGi-iueoto oico,678770686,pu1apuHecto2544909,7075103938,83A24Aaa-ua9u-4Da9-A0a6-u8a5E935Ba8A,5/6/2025,Withdrawn,300,USD,Withdrawal,67890,Pi Rec,7775678988
9884,iGi-gmycdy,706579086,nv1anvDru2289367,7074739859,43Ba509a-6654-4ED9-8ED5-E696346uaa42,5/6/2025,Captured,250,USD,Deposit,67890,Pi Rec,7774789859
9854,iGi-iiIO,686504566,oh1aChhayti2922,7075017797,34DED43D-aE88-4512-924a-920u2292uD8B,5/6/2025,Captured,645,USD,Deposit,67890,Pi Rec,7775767797
9884,iGi-gmycdy,706585787,nv1anvJon6050804,7074799764,53u5BD85-a92u-4589-B02a-9E001aEAEa99,5/6/2025,Captured,250,USD,Deposit,67890,Pi Rec,777477764
9899,iGi-Kentucky,706586587,ky1awvJIMMY8482013,7074877443,3A1u32u3-6593-4u84-B193-16358Aa6a642,5/6/2025,Withdrawn,1300,USD,Withdrawal,67890,Pi Rec,7774877448
9999,iGi-iichimqn,97750508,mi1aDaryl1272,7074694314,a6a284aB-5E6u-440B-903D-4D3D9u1Eu6A0,5/6/2025,Captured,90,USD,Deposit,67890,Pi Rec,7774694864
9999,iGi-iichimqn,97657885,mi1aDennis1382992mi2,7075067700,10EE8aEA-5E50-4339-9980-183a6529a9ED,5/6/2025,Captured,200,USD,Deposit,67890,Pi Rec,7775767777
9884,iGi-gmycdy,706587497,nv1anvpeter8373596,7074777754,1a856aaE-10E3-4Au5-BEA3-32BuA2E144BB,5/6/2025,Captured,50,USD,Deposit,67890,Pi Rec,7774777754
9884,iGi-gmycdy,706598679,nv1a97390493,7074973153,uD82D42u-161a-4AA0-Bu2a-E8Bu510836a9,5/6/2025,Captured,50,USD,Deposit,67890,Pi Rec,7774978658
9884,iGi-gmycdy,666675688,nv1a99884876,7074850381,uEaDE852-EEE2-43BD-8a8A-aA03Ba0u91uD,5/6/2025,Withdrawn,300,USD,Withdrawal,67890,Pi Rec,7774857886
9854,iGi-iiIO,675706989,oh1aMarc95752in,7074591841,40aa03B5-4BAa-4u88-8au9-1a5B99aEAA94,5/6/2025,Withdrawn,500000,USD,Withdrawal,67890,Pi Rec,7774596846
9884,iGi-gmycdy,706594908,nv1anvJusti9573004,7074957911,43EEDE29-58EE-4a40-B6B1-aA3A4499E1a1,5/6/2025,Captured,40,USD,Deposit,67890,Pi Rec,7774957966
9854,iGi-iiIO,675706989,oh1aMarc95752in,7074594891,19428136-3uED-4uB5-A8Ba-1a8DABa8A1A1,5/6/2025,Withdrawn,500000,USD,Withdrawal,67890,Pi Rec,7774594896
9884,iGi-gmycdy,706597576,nv1anvDoug8938489,7074917797,A8EaB399-0216-4660-B364-5AD0a5252aA5,5/6/2025,Captured,100,USD,Deposit,67890,Pi Rec,7774967797
9884,iGi-gmycdy,706579787,nv1anvAleem6054299,7074740847,23114a40-BD4a-4aA4-B451-9A18au058805,5/6/2025,Captured,100,USD,Deposit,67890,Pi Rec,7774747847
9846,iGi-iueoto oico,668787799,pu1apuArgen2238514,7074768971,A9aD545u-a2BA-45D0-839E-A13a46A22a10,5/6/2025,Captured,500,USD,Deposit,67890,Pi Rec,7774768976
9999,iGi-iichimqn,686986695,mi1amiJusti0984823,7074014888,665B0uB9-EA49-4u2D-86uD-681BA96199a4,4/6/2025,Withdrawn,1375,USD,Withdrawal,67890,Pi Rec,7774764888
9999,iGi-iichimqn,697746508,mi1amiMICHE0483160,7074179867,6u18AaEa-B413-439B-86uB-BD23856a9B5E,5/6/2025,Withdrawn,700,USD,Withdrawal,67890,Pi Rec,7774679867
9884,iGi-gmycdy,706594658,nv1anvJohnn8389139,7074947956,214550AA-BB89-4a11-806u-a5D9E84A9485,5/6/2025,Captured,250,USD,Deposit,67890,Pi Rec,7774947956
9884,iGi-gmycdy,706597778,nv1anvJonat9004479,7075007667,2uaaBB5D-AA98-4u3a-A09u-a8158E249584,5/6/2025,Captured,100,USD,Deposit,67890,Pi Rec,7775777667
9884,iGi-gmycdy,706579890,nv1anvThoma5360409,7074747843,3a6ua5BA-22Du-4028-A0u1-BB9500B4a8A5,5/6/2025,Captured,250,USD,Deposit,67890,Pi Rec,7774747848
9884,iGi-gmycdy,706597975,nv1anvAlber7957621,7075017779,A3u45B60-Da4a-44E6-9B5a-125uD55a4a2D,5/6/2025,Captured,100,USD,Deposit,67890,Pi Rec,7775767779
9884,iGi-gmycdy,667690907,nv1a104132639,7074653541,9u8aa423-9D9B-4ADE-Aau0-Ea25Aa615669,5/6/2025,Captured,105,USD,Deposit,67890,Pi Rec,7774658546
9884,iGi-gmycdy,666474767,nv1a79087206,7074818087,uu9EB2BB-a554-4669-Au1B-Da461ua682Au,5/6/2025,Withdrawn,700,USD,Withdrawal,67890,Pi Rec,7774868787
9884,iGi-gmycdy,706580584,nv1anvJose4185664,7074755813,56A46aaE-A5B0-4153-A31B-8AaEa41AEBEa,5/6/2025,Captured,140,USD,Deposit,67890,Pi Rec,7774755868
9884,iGi-gmycdy,706587750,nv1anvRyan2905796,7074876937,D6880u6D-A5Ea-4284-Bu4a-148au82D6a8a,5/6/2025,Captured,40,USD,Deposit,67890,Pi Rec,7774876987
9884,iGi-gmycdy,706596857,nv1aAdam79741mh1,7074980561,Dau0E123-aBD1-4366-8a8A-aE99D8aBEA89,5/6/2025,Captured,100,USD,Deposit,67890,Pi Rec,7774987566
9884,iGi-gmycdy,706584686,nv1anvNatal1560700,7074793497,01DB33a8-2a9B-486E-9811-059aA6E4u180,5/6/2025,Captured,40,USD,Deposit,67890,Pi Rec,7774798497
9884,iGi-gmycdy,667887769,nv1a35205411,7074919997,9E4DaE3B-0286-4355-B3DB-u141E20ADaEu,5/6/2025,Captured,1500,USD,Deposit,67890,Pi Rec,777496797
9884,iGi-gmycdy,706887944,nv1anvPhoen6765104,7074761850,aa9Aa4aB-23B3-40Bu-98u3-94uaA608B361,5/6/2025,Withdrawn,200,USD,Withdrawal,67890,Pi Rec,7774766857
9999,iGi-iichimqn,97874667,mi1aShonique1189,7074647034,93404u51-4ED8-45B0-B46D-4396B0499A6u,5/6/2025,Withdrawn,100,USD,Withdrawal,67890,Pi Rec,7774647784
9884,iGi-gmycdy,688645860,nv1a102477693,7074914757,BB813B62-A3Aa-4u2a-B955-Du625DE62A8a,5/6/2025,Captured,600,USD,Deposit,67890,Pi Rec,7774964757
9884,iGi-gmycdy,706588769,nv1aZachary7660,7075067173,B3u231B9-45uu-44B4-B538-BAB28aE3B126,5/6/2025,Withdrawn,500,USD,Withdrawal,67890,Pi Rec,7775767678
9886,iGi-iyttychutettt,646778776,mh1aEdwin8658,7074986675,0D0D1E32-2BAA-49u8-B33E-4225E318auDB,5/6/2025,Captured,200,USD,Deposit,67890,Pi Rec,7774986675
9854,iGi-iiIO,686766598,oh1aKeith3059,7074483156,6B1AaAD1-14Ba-4498-95EA-8A1E33A68D8A,5/6/2025,Captured,50,USD,Deposit,67890,Pi Rec,7774488656
9884,iGi-gmycdy,706595706,nv1anvConno5226556,7075065550,38Ba1Du8-4419-4a5u-Au3B-61B88a4B985E,5/6/2025,Withdrawn,509,USD,Withdrawal,67890,Pi Rec,7775765557
9880,iGi-iIiiiiiii,684666008,mf1aDan5403,7074715344,uE14Au60-2BB3-4AE4-AAD4-1AA922u68442,5/6/2025,Captured,1025,USD,Deposit,67890,Pi Rec,7774765844
9846,iGi-iueoto oico,648666557,pu1apuMigue3186711,7075138631,3Ba15698-4B06-420a-BA66-3a9a21359850,5/6/2025,Withdrawn,70,USD,Withdrawal,67890,Pi Rec,7775688686
9846,iGi-iueoto oico,648676889,pu1apuJuan8188304,7074593884,035a3aDE-92aa-4885-9160-188Dau8A13u5,5/6/2025,Withdrawn,600,USD,Withdrawal,67890,Pi Rec,7774598884
9999,iGi-iichimqn,600758068,mi1aJessica6701,7074661635,A5A016E9-2a99-4ua9-9820-E522a13aAA53,5/6/2025,Withdrawn,100,USD,Withdrawal,67890,Pi Rec,7774666685
9884,iGi-gmycdy,686980978,nv1a62623822,7074801934,a8E5aDAE-BaAa-4696-Aaa3-EaEDa660uua3,5/6/2025,Captured,400,USD,Deposit,67890,Pi Rec,7774876984
9846,iGi-iueoto oico,648598987,pu1apuGabri5871306,7074873499,91E646EB-A5A0-49au-9aaB-u2aa40436E4u,5/6/2025,Withdrawn,5660,USD,Withdrawal,67890,Pi Rec,777487847
9884,iGi-gmycdy,670606466,nv1a68636114,7074670430,2uB60Eaa-981u-406u-80a3-u58B3384240D,5/6/2025,Captured,400,USD,Deposit,67890,Pi Rec,7774677487
9999,iGi-iichimqn,660754088,mi1aAustin82692mi,7074036777,6E0a4948-a05a-4A2a-9D6u-165DE1D16A9B,5/6/2025,Withdrawn,8706.26,USD,Withdrawal,67890,Pi Rec,7774786777
9999,iGi-iichimqn,94877495,mi1aAntoine2688,7073998445,AA19A8B0-2A9B-4a86-8DBa-1948291uu663,4/6/2025,Withdrawn,400,USD,Withdrawal,67890,Pi Rec,777878445
9884,iGi-gmycdy,706596445,nv1anvNicho5065398,7074897383,95Aa1DaE-Au9A-41DA-B1uD-A4DB9a88010u,5/6/2025,Captured,250,USD,Deposit,67890,Pi Rec,7774897888
9999,iGi-iichimqn,654694797,mi1amiSouhe1845409,7074743356,a55550A2-3556-4396-9uD4-a016BDD0A90a,5/6/2025,Withdrawn,600,USD,Withdrawal,67890,Pi Rec,7774748856
9999,iGi-iichimqn,97765780,mi1aWilliam0489772mi,7074140470,2u22Bu1a-Da5D-4A3E-A085-15a416a0A4uD,5/6/2025,Withdrawn,100,USD,Withdrawal,67890,Pi Rec,7774647477
9884,iGi-gmycdy,706587477,nv1aBrad26801is,7074877568,818A2aa3-61u8-4BBa-9364-aB6aa1566265,5/6/2025,Captured,500,USD,Deposit,67890,Pi Rec,7774877568
9999,iGi-iichimqn,95650850,mi1aKardeem1290,7074337768,D98AE6u0-5a31-4uA6-B8Ba-90E6u2D6521A,5/6/2025,Withdrawn,1541.51,USD,Withdrawal,67890,Pi Rec,7774887768
9884,iGi-gmycdy,686454489,nv1amajd8665,7074804947,3616aa28-13uu-4E24-AD13-aa116D09B666,5/6/2025,Captured,5360,USD,Deposit,67890,Pi Rec,7774874947
9884,iGi-gmycdy,706596666,nv1anvJoshu0413197,7074985771,A9E458aD-8Ea8-4a8u-9A36-40au9D4D1E05,5/6/2025,Captured,80,USD,Deposit,67890,Pi Rec,7774985776
9884,iGi-gmycdy,706600885,nv1aCynthia1029,7075061471,AEE488AA-B551-4455-91a4-35092a4A336B,5/6/2025,Captured,20,USD,Deposit,67890,Pi Rec,7775766476
9999,iGi-iichimqn,678667086,mi1aTonya3431,7074304884,694660E1-Eu6D-4803-990a-365114340u0B,5/6/2025,Captured,150,USD,Deposit,67890,Pi Rec,7774874884
9884,iGi-gmycdy,695006788,nv1anvRyan5953656,7074919030,a1A5593A-9u20-465A-88E5-uA214D1uuu4B,5/6/2025,Captured,70,USD,Deposit,67890,Pi Rec,7774967987
9884,iGi-gmycdy,706899786,nv1aWendell27681mf,7075080758,DB0u3695-a988-40u9-9Ba5-30B4u4481BEa,5/6/2025,Captured,50,USD,Deposit,67890,Pi Rec,7775787758
9884,iGi-gmycdy,706595088,nv1anvBrian2654946,7074956045,aaa8a555-aEa6-4uE3-BD2E-u520aDA91uE1,5/6/2025,Captured,250,USD,Deposit,67890,Pi Rec,7774956745
9884,iGi-gmycdy,697089747,nv1aKevin78241mi,7074036633,1392aa28-u044-43Da-8368-816DaB16525u,5/6/2025,Captured,400,USD,Deposit,67890,Pi Rec,7774786688
9884,iGi-gmycdy,706575665,nv1anvPedro6865623,7074794598,a3B0a5uE-55A8-4aa5-A6a9-10EE1a2Daau3,5/6/2025,Withdrawn,300,USD,Withdrawal,67890,Pi Rec,7774794598
9884,iGi-gmycdy,706606857,nv1anvBrend7623584,7075094479,a66DE665-82DD-4543-8Eu2-6AAA8a2a5D4E,5/6/2025,Captured,20,USD,Deposit,67890,Pi Rec,7775794479
9884,iGi-gmycdy,699997857,nv1a94145215,7074971738,0uB84uu3-9Ba5-4288-9E0A-BBD0a3uD2Bu8,5/6/2025,Withdrawn,6000,USD,Withdrawal,67890,Pi Rec,7774976788
9999,iGi-iichimqn,98688466,mi1aTravis07922mi,7077877033,649E0ua1-1962-4D9a-B4u2-662u3aA93aB0,3/6/2025,Withdrawn,3000,USD,Withdrawal,67890,Pi Rec,7777877788
9884,iGi-gmycdy,706596970,nv1anvEdwin2067176,7074907481,u910Ba94-94Ba-4B4a-9aE9-03uuuuDa8944,5/6/2025,Captured,50,USD,Deposit,67890,Pi Rec,7774797486
9884,iGi-gmycdy,706579656,nv1anvRyan4069655,7074746050,DAEAaEAA-A2Bu-48a4-B5u0-4u934au0a3DE,5/6/2025,Captured,300,USD,Deposit,67890,Pi Rec,7774746757
9884,iGi-gmycdy,706585607,nv1anvTou2933704,7074798731,B19u21uD-D463-416A-BE94-60au358BuDDD,5/6/2025,Captured,100,USD,Deposit,67890,Pi Rec,7774798786
9884,iGi-gmycdy,706586607,nv1anvJorda7559886,7074768015,62aA96D8-Ea06-4B09-8uE6-aD0u1EA02691,5/6/2025,Captured,50,USD,Deposit,67890,Pi Rec,7774768765
9884,iGi-gmycdy,706597749,nv1anvKevin3743678,7075014579,18a98E69-aa4a-4Eu8-99Eu-50A08EEB2u0a,5/6/2025,Captured,60,USD,Deposit,67890,Pi Rec,7775764579
9884,iGi-gmycdy,706594668,nv1anvRodol5553955,7074946977,3AB5E233-u2Da-409a-8194-20E433a9B3E9,5/6/2025,Captured,100,USD,Deposit,67890,Pi Rec,7774946977
9884,iGi-gmycdy,706588986,nv1anvBrend6287977,7074857738,25au5a53-D8Aa-43u9-A10D-03E0D155ua23,5/6/2025,Captured,20,USD,Deposit,67890,Pi Rec,7774857788
9884,iGi-gmycdy,686977665,nv1aisTORI3298064,7074958070,a6aEu42a-D1B9-495u-952B-D92u0E6ua4BA,5/6/2025,Captured,220,USD,Deposit,67890,Pi Rec,7774958777
9884,iGi-gmycdy,706606986,nv1anvMicha9988106,7075097170,EE36D0a1-0592-43AE-AEAa-80B25D9B5BEA,5/6/2025,Captured,50,USD,Deposit,67890,Pi Rec,7775797677
9880,iGi-iIiiiiiii,649487087,mf1aBarry7153,7074964909,B6u6A98D-DEaB-486a-B9B4-1592B48u8Aa8,5/6/2025,Captured,500,USD,Deposit,67890,Pi Rec,777496477
9846,iGi-iueoto oico,649986868,pu1apuJose7087136,7074464687,a43A0AA4-92au-4aAa-B462-AD5aE451816a,5/6/2025,Captured,300,USD,Deposit,67890,Pi Rec,7774464687
9884,iGi-gmycdy,706597805,nv1anvSean4768136,7074998988,A6D30aDD-u4B4-43A6-B2aa-2a883A11Ea38,5/6/2025,Captured,200,USD,Deposit,67890,Pi Rec,777478988
9884,iGi-gmycdy,706598798,nv1anvJoel1466121,7074933179,6aaA9660-0uA4-42D1-A850-u3BE2DD103a5,5/6/2025,Captured,40,USD,Deposit,67890,Pi Rec,7774988679
9880,iGi-iIiiiiiii,697899674,mf1anvJonat0280498,7074506994,3a32440B-aDuE-4142-B8B4-212D86B00665,5/6/2025,Captured,25,USD,Deposit,67890,Pi Rec,777457674
9999,iGi-iichimqn,654468580,mi1amiDeQua4718436,7074696874,0D4Du063-3u33-4664-B2D2-3E3115E8A88a,5/6/2025,Captured,100,USD,Deposit,67890,Pi Rec,7774696874
9884,iGi-gmycdy,706598577,nv1anvDanie3144618,7074978999,E508a25E-5B4B-4A3a-AD1B-EuE9BaAE4uE0,5/6/2025,Captured,20,USD,Deposit,67890,Pi Rec,777497879
9884,iGi-gmycdy,670067488,nv1a21067746,7074616907,5309482D-36a0-4A40-9EBu-EBu1E53A3040,5/6/2025,Withdrawn,200,USD,Withdrawal,67890,Pi Rec,7774666797
9884,iGi-gmycdy,706597740,nv1aHenry4958,7074916136,1B8ua5A9-aB9D-4Eaa-8auB-A08AEa2Aa41a,5/6/2025,Captured,100,USD,Deposit,67890,Pi Rec,7774966686
9884,iGi-gmycdy,706596877,nv1anvDavid7149884,7074979991,E5548AuE-196B-4D3B-B0aa-0D39aE29A081,5/6/2025,Captured,100,USD,Deposit,67890,Pi Rec,777497796
9884,iGi-gmycdy,706594849,nv1anvKylie2669310,7074947737,8A938930-a8DD-4B6E-9aa8-DB8D9a04EAaB,5/6/2025,Captured,250,USD,Deposit,67890,Pi Rec,7774947787
9884,iGi-gmycdy,669468408,nv1anvRicha5978422,7075141157,E6Ea9558-Da61-42B5-9A21-uaaD82D2B48A,5/6/2025,Withdrawn,935,USD,Withdrawal,67890,Pi Rec,7775646657
9884,iGi-gmycdy,706580859,nv1anvVince8783012,7074758683,4E8823B5-5819-49BD-A195-0054u3a91D6a,5/6/2025,Captured,40,USD,Deposit,67890,Pi Rec,7774758688
9884,iGi-gmycdy,706594849,nv1anvKylie2669310,7075130965,9231a3A9-A5DD-4696-8D0B-8B85568B9428,5/6/2025,Withdrawn,477.27,USD,Withdrawal,67890,Pi Rec,7775687965
9884,iGi-gmycdy,706558766,nv1anvDanie3897524,7074504896,Du915B42-aBu5-4ABA-ABB0-aaa935A60048,5/6/2025,Captured,125,USD,Deposit,67890,Pi Rec,7774574896
9999,iGi-iichimqn,687677877,mi1aReese9589,7074138831,A09E12aE-154B-4B8a-A36B-2EEEaB08A439,5/6/2025,Withdrawn,75,USD,Withdrawal,67890,Pi Rec,7774688886
9884,iGi-gmycdy,706595689,nv1anvGene8805284,7074957909,6u333D38-85B4-4u59-98B3-B84a249aDE1D,5/6/2025,Captured,100,USD,Deposit,67890,Pi Rec,777495777
9884,iGi-gmycdy,706588478,nv1anvNishi4091596,7074847174,a1a0E2B2-11a5-4a80-9186-2BE1125AA654,5/6/2025,Captured,200,USD,Deposit,67890,Pi Rec,7774847674
9884,iGi-gmycdy,697647847,nv1anvCamil9625975,7075071774,0239a1Du-A9Da-4Du3-AEu8-1u435181E35a,5/6/2025,Withdrawn,60,USD,Withdrawal,67890,Pi Rec,7775776774
9999,iGi-iichimqn,89587457,mi1aJanay0194,7074071738,B6u5AA1E-2353-4231-85B3-8639a993139u,5/6/2025,Withdrawn,502,USD,Withdrawal,67890,Pi Rec,7774776788
9884,iGi-gmycdy,706594594,nv1anyJosep1678278,7074946556,191u4351-AauE-4E0u-9550-2ED651a11309,5/6/2025,Captured,200,USD,Deposit,67890,Pi Rec,7774946556
9884,iGi-gmycdy,706596964,nv1anvRafae6222998,7074991918,a29503D6-aBaE-4004-B68u-80AE58a4Da20,5/6/2025,Captured,250,USD,Deposit,67890,Pi Rec,777476968
9854,iGi-iiIO,675706989,oh1aMarc95752in,7074599997,55484A90-046B-4EAB-8B44-2EEAaD85a641,5/6/2025,Withdrawn,500000,USD,Withdrawal,67890,Pi Rec,77745777
9884,iGi-gmycdy,670658688,nv1a97398358,7074858633,E6A08a39-DEaa-4D49-A099-9DB24831a2a6,5/6/2025,Withdrawn,450,USD,Withdrawal,67890,Pi Rec,7774858688
9884,iGi-gmycdy,706600607,nv1anvKent0020126,7075078495,E54A9A81-1AaE-433A-8u42-AaaEa30B9055,5/6/2025,Withdrawn,400,USD,Withdrawal,67890,Pi Rec,7775778495
9999,iGi-iichimqn,687840987,mi1aTamika5085,7070944574,238aEa24-4022-409a-89a1-0ua8A94E81aB,2/6/2025,Withdrawn,50,USD,Withdrawal,67890,Pi Rec,7777944574
9884,iGi-gmycdy,706597749,nv1anvMatth9377745,7074907836,a9D3aB1u-5816-48u2-AAAE-3A5B85456aa3,5/6/2025,Captured,20,USD,Deposit,67890,Pi Rec,7774797886
9884,iGi-gmycdy,706600606,nv1anvDhair2789234,7075066508,a2AAAu8a-10B5-4556-9EAu-38D9Ba5aE3EA,5/6/2025,Captured,50,USD,Deposit,67890,Pi Rec,7775766578
9999,iGi-iichimqn,97767669,mi1aTracey2270,7074867853,2D61Aaa4-1Auu-4AEB-8AEB-6E345ua3315E,5/6/2025,Withdrawn,52.94,USD,Withdrawal,67890,Pi Rec,7774867858
9880,iGi-iIiiiiiii,698699668,mf1aLevy3584,7074947494,242B00BA-u83a-430A-9a8D-DEE16Aa6Bu1u,5/6/2025,Withdrawn,100,USD,Withdrawal,67890,Pi Rec,7774947494
9888,iGi-yoizony,706786558,az1aazARTSR3772675,7075137087,2633aua4-84a2-4354-94D5-4242Ba058DAB,5/6/2025,Withdrawn,900,USD,Withdrawal,67890,Pi Rec,7775687787
9884,iGi-gmycdy,706596994,nv1anvBrian7732886,7074997494,865aa1uD-6D62-4384-B1A3-691130a0D428,5/6/2025,Captured,260,USD,Deposit,67890,Pi Rec,777477494
9884,iGi-gmycdy,667766779,nv1a34954822,7074601776,EaEB9335-630a-4559-9484-uaE6A2a0AD31,5/6/2025,Captured,1000,USD,Deposit,67890,Pi Rec,7774676776
9884,iGi-gmycdy,700777677,nv1anvChris4255746,7074571645,A0a4a354-B1D1-49AE-99aa-4a945DB25DaB,5/6/2025,Captured,30,USD,Deposit,67890,Pi Rec,7774576645
9884,iGi-gmycdy,667076677,nv1a102078418,7074917068,6569A30D-Ba9B-4a81-93AA-D55uu9642399,5/6/2025,Withdrawn,20,USD,Withdrawal,67890,Pi Rec,7774967768
9884,iGi-gmycdy,706598068,nv1anvJohn4297173,7075017974,u98A11a5-6DAB-4D9D-965a-uB94uuE30DAD,5/6/2025,Captured,300,USD,Deposit,67890,Pi Rec,7775767974
9884,iGi-gmycdy,706598976,nv1anvHanna6072891,7075033711,Du35D912-1E69-430a-8DuB-Du5EAAaD5a64,5/6/2025,Captured,240,USD,Deposit,67890,Pi Rec,7775788766
9884,iGi-gmycdy,670679867,nv1a48466353,7074558339,u601Ea52-u2aA-4BBB-B61A-6aE0E41AE8AD,5/6/2025,Captured,300,USD,Deposit,67890,Pi Rec,7774558889
9999,iGi-iichimqn,95656648,mi1aAnthony36912va,7074667996,5643B3a0-BaEB-4D52-9B02-150a4950uaua,5/6/2025,Withdrawn,50,USD,Withdrawal,67890,Pi Rec,777466776
9854,iGi-iiIO,677070697,oh1aohChris3176157,7074598417,2D1D2B0u-auA0-48E2-BDE5-223EAu1AE6Ba,5/6/2025,Captured,500,USD,Deposit,67890,Pi Rec,7774598467
9846,iGi-iueoto oico,678770857,pu1apuLuis2003111,7074977883,9uEuEDDD-3403-44Aa-9uB0-D2a5460A9E86,5/6/2025,Withdrawn,240,USD,Withdrawal,67890,Pi Rec,7774977888
9999,iGi-iichimqn,609876960,mi1aJafara9707,7074014894,36B5364A-14A9-494u-B816-E08648830a3A,4/6/2025,Withdrawn,2300,USD,Withdrawal,67890,Pi Rec,7774764894
9999,iGi-iichimqn,687840987,mi1aTamika5085,7074068958,3AEaA3au-0aAB-42E1-9432-30EEuA24DEAE,5/6/2025,Withdrawn,99,USD,Withdrawal,67890,Pi Rec,7774768958
9884,iGi-gmycdy,706599786,nv1anvXiong5305008,7075039635,2Du3EB00-35EA-4u6A-9BB8-80E4u8B0B09E,5/6/2025,Captured,100,USD,Deposit,67890,Pi Rec,7775789685
9884,iGi-gmycdy,706586667,nv1anvEliza7212896,7074765753,82A2184B-26B0-4a89-AB5B-D26ua04D823E,5/6/2025,Captured,20,USD,Deposit,67890,Pi Rec,7774765758
9884,iGi-gmycdy,706596876,nv1anvJohn9949170,7074989358,490uB0uA-819D-484B-96B0-544Ea2865348,5/6/2025,Captured,80,USD,Deposit,67890,Pi Rec,7774989858
9854,iGi-iiIO,675706989,oh1aMarc95752in,7074607460,821600a1-4a40-49a9-BDuu-9594uBAa10a8,5/6/2025,Withdrawn,500000,USD,Withdrawal,67890,Pi Rec,7774677467
9884,iGi-gmycdy,706596887,nv1anvEsteb2091290,7074989653,u231ED6A-02DA-43A8-96aE-u40603D00AaB,5/6/2025,Captured,75,USD,Deposit,67890,Pi Rec,7774989658
9888,iGi-yoizony,609464687,az1aGerman5415,7074860600,3A5ABu0a-A81E-46a2-9a1a-12E9090aDBAA,5/6/2025,Captured,303,USD,Deposit,67890,Pi Rec,7774867677
9884,iGi-gmycdy,706566500,nv1aSal9694,7074593030,9DD94a83-3B1A-4AD1-BuEa-228aa09B90Au,5/6/2025,Captured,100,USD,Deposit,67890,Pi Rec,7774598787
9849,iGi-iyoylynd,684695080,md1aAnthony34281md,7074877571,308a3B21-9u89-44D0-8u49-aDAaaE51a14B,5/6/2025,Captured,70,USD,Deposit,67890,Pi Rec,7774877576
9854,iGi-iiIO,675706989,oh1aMarc95752in,7074604439,50D54uB1-a0B4-4D81-A1uu-646u20D6409u,5/6/2025,Withdrawn,500000,USD,Withdrawal,67890,Pi Rec,7774674489
9884,iGi-gmycdy,668647449,nv1a92828302,7074670477,B2831111-45u1-4D33-B9a1-4au358Da53DE,5/6/2025,Captured,500,USD,Deposit,67890,Pi Rec,7774677477
9884,iGi-gmycdy,666478677,nv1a21252501,7075176175,auBa0a13-A9a3-4E31-824u-0309aB6DBA22,5/6/2025,Captured,1000,USD,Deposit,67890,Pi Rec,7775676675
9884,iGi-gmycdy,706590775,nv1anvTim3258928,7074873181,BEB302au-ADD5-4560-B1BE-4E03EBu3DB49,5/6/2025,Captured,250,USD,Deposit,67890,Pi Rec,7774878686
9999,iGi-iichimqn,687756586,mi1aVerita6836,7074434971,566u88au-92A4-41B0-8B2D-A35au0aB3u45,5/6/2025,Withdrawn,200,USD,Withdrawal,67890,Pi Rec,7774484976
9884,iGi-gmycdy,688844755,nv1a17764920,7074594404,Au810Da0-5DA1-4AA6-9a5E-EaA2A583B0a3,5/6/2025,Withdrawn,100,USD,Withdrawal,67890,Pi Rec,7774594474
9884,iGi-gmycdy,706589654,nv1anvMatt0625312,7074854979,a50B4495-93a8-46a3-B930-05a4336681E8,5/6/2025,Captured,100,USD,Deposit,67890,Pi Rec,7774854979
9884,iGi-gmycdy,668889890,nv1anvMyles6228824,7074899744,a4Ea61aD-105u-4Ba2-B3u6-255u0a54A282,5/6/2025,Captured,20000,USD,Deposit,67890,Pi Rec,777487744
9884,iGi-gmycdy,706596487,nv1anvDavid8966905,7074983701,491D95Ba-8866-4u63-Ba18-a905B3a2663u,5/6/2025,Captured,100,USD,Deposit,67890,Pi Rec,7774988776
9854,iGi-iiIO,686777788,oh1aAlec5880,7074977597,0AA38AE9-B25a-4062-8350-aA344051a01A,5/6/2025,Withdrawn,50,USD,Withdrawal,67890,Pi Rec,7774977597
9884,iGi-gmycdy,706596465,nv1anvTucke1178904,7074897707,180EA2Au-a46B-433E-ABaa-4Daa545a3113,5/6/2025,Captured,50,USD,Deposit,67890,Pi Rec,7774897777
9884,iGi-gmycdy,706598648,nv1anvReece4509078,7074931004,a4E8063a-a3uD-424a-96a0-B56u2AaEEBDB,5/6/2025,Captured,30,USD,Deposit,67890,Pi Rec,7774986774
9884,iGi-gmycdy,706565549,nv1aDave28681mi,7074875393,4BuE8B91-8AA4-41a5-A10A-164EuDAE6a8a,5/6/2025,Withdrawn,300,USD,Withdrawal,67890,Pi Rec,7774875898
9884,iGi-gmycdy,706597785,nv1anvAlber7650242,7074916499,ua1B16a9-5D69-4329-805D-a8411BE459DB,5/6/2025,Captured,100,USD,Deposit,67890,Pi Rec,777496647
9884,iGi-gmycdy,706579987,nv1anvAlex2968877,7074750337,60405Ba5-B0A1-4B64-Aaa2-5938a9u0E262,5/6/2025,Captured,200,USD,Deposit,67890,Pi Rec,7774757887
9884,iGi-gmycdy,706597040,nv1anvJeffr9812634,7075131110,9641a91a-BD3E-4aa8-960B-14a6503ADA5a,5/6/2025,Withdrawn,500,USD,Withdrawal,67890,Pi Rec,7775686667
9884,iGi-gmycdy,706577886,nv1anvJerod1772471,7074730631,2A98a635-4Au4-4ua0-8a08-24a6Da5a62a6,5/6/2025,Captured,20,USD,Deposit,67890,Pi Rec,7774787686
9846,iGi-iueoto oico,678770686,pu1apuHecto2544909,7075103785,Da5Aa1E9-8A2a-49a2-9A1a-B813u3a8au6B,5/6/2025,Withdrawn,250,USD,Withdrawal,67890,Pi Rec,7775678785
9884,iGi-gmycdy,706588769,nv1aZachary7660,7074837797,uuu51BE9-2556-4382-AA5a-235D01u59D05,5/6/2025,Captured,300,USD,Deposit,67890,Pi Rec,7774887797
9884,iGi-gmycdy,706598876,nv1anvErica5433047,7075088407,Bu9A4B29-2EE6-4BB6-8540-5u814EE6A2Ea,5/6/2025,Captured,172,USD,Deposit,67890,Pi Rec,7775788477
9854,iGi-iiIO,675706989,oh1aMarc95752in,7074587758,0B38aEB8-42a5-40A5-BE45-8ADa090194aE,5/6/2025,Withdrawn,500000,USD,Withdrawal,67890,Pi Rec,7774587758
9884,iGi-gmycdy,706596688,nv1anvAllis7837361,7074986088,24a19Da6-3A4B-4809-990a-A1DuD0a84Baa,5/6/2025,Captured,60,USD,Deposit,67890,Pi Rec,7774986788
9884,iGi-gmycdy,706580645,nv1anvBen2954855,7074757588,698a6344-BAA5-4BB4-880A-5EE5393au249,5/6/2025,Captured,100,USD,Deposit,67890,Pi Rec,7774757588
9849,iGi-iyoylynd,685597666,md1amdDANIE0226173,7074975580,96u84934-435D-4018-B6Ba-36991uB9A3BA,5/6/2025,Withdrawn,510,USD,Withdrawal,67890,Pi Rec,7774975587
9884,iGi-gmycdy,695888594,nv1anvNevad8810837,7074817654,u1940u5E-20B9-4uB3-89B4-EA84A9a29DDa,5/6/2025,Captured,69300,USD,Deposit,67890,Pi Rec,7774867654
9884,iGi-gmycdy,706579670,nv1anvJames4979751,7074745643,aD02DuEa-08aE-4a2E-895u-aa3695B1419D,5/6/2025,Captured,250,USD,Deposit,67890,Pi Rec,7774745648
9884,iGi-gmycdy,706584874,nv1anvSean0956269,7074999889,EEaA26D9-20B5-4uEa-80aa-0B906152DD51,5/6/2025,Captured,100,USD,Deposit,67890,Pi Rec,777479889
9846,iGi-iueoto oico,658668846,pu1apuRober4605402,7074588361,665DA93B-EE5E-4D5u-Ba92-aaaBE4A68329,5/6/2025,Captured,700,USD,Deposit,67890,Pi Rec,7774588866
9846,iGi-iueoto oico,648598987,pu1apuGabri5871306,7074873068,4639BDE9-DaD5-4DE5-92B6-0466Daaa395u,5/6/2025,Withdrawn,5000,USD,Withdrawal,67890,Pi Rec,7774878768
9999,iGi-iichimqn,706046769,mi1amiCaleb2739720,7074148488,u2860558-BA08-4Da9-A2D4-68u1E5aA5DaA,5/6/2025,Withdrawn,9700,USD,Withdrawal,67890,Pi Rec,7774648488
9999,iGi-iichimqn,677779447,mi1aCatrice6605,7074704576,6BDu5aE2-396B-4ua1-Aa40-D9a39589a12E,5/6/2025,Withdrawn,150,USD,Withdrawal,67890,Pi Rec,7774774576
9884,iGi-gmycdy,706597888,nv1anvMitch2965372,7075010160,5141a2E4-Euu2-40au-Au8E-26A0uuB0uD0E,5/6/2025,Captured,250,USD,Deposit,67890,Pi Rec,7775767667
9884,iGi-gmycdy,685478850,nv1a65245403,7074699579,3355E60B-Aa9u-4E58-B5au-6024051a649A,5/6/2025,Captured,1200,USD,Deposit,67890,Pi Rec,777467579
9884,iGi-gmycdy,706597758,nv1anvAntho1370910,7075137354,8D3a9u21-u2Ba-4A24-8aaA-26BaABa6B3u5,5/6/2025,Withdrawn,400,USD,Withdrawal,67890,Pi Rec,7775687854
9884,iGi-gmycdy,706557654,nv1aZach3416,7074499073,4B5949DA-1aA6-41Bu-B55a-4343188aa9u0,5/6/2025,Captured,200,USD,Deposit,67890,Pi Rec,777447778
9884,iGi-gmycdy,706596688,nv1anvAllis7837361,7075133038,8a68D504-BuE9-43a2-9E24-8A8a2aE82D64,5/6/2025,Withdrawn,216,USD,Withdrawal,67890,Pi Rec,7775688788
9999,iGi-iichimqn,605779690,mi1aBruce04512mi2,7074870714,6A38A406-8B95-4a5A-94a1-4359B5236a9B,5/6/2025,Captured,50,USD,Deposit,67890,Pi Rec,7774877764
9884,iGi-gmycdy,667656648,nv1a80884659,7074937587,4449A3uu-Ea6a-45B2-9DuE-a6EaE3648916,5/6/2025,Captured,300,USD,Deposit,67890,Pi Rec,7774987587
9999,iGi-iichimqn,95984787,mi1aMelvin1064,7073777653,E9a59EDa-B853-48a6-A300-668aEu39D42E,4/6/2025,Withdrawn,115,USD,Withdrawal,67890,Pi Rec,7778777658
9999,iGi-iichimqn,608897674,mi1aAntonia5361,7074936896,08484EuB-9u61-405E-9u94-9Ba51Aau8A6D,5/6/2025,Withdrawn,70,USD,Withdrawal,67890,Pi Rec,7774986896
9884,iGi-gmycdy,706596445,nv1anvNicho5065398,7075135657,9aa4ua61-6a8a-4866-BEaa-ED221531u3a5,5/6/2025,Withdrawn,488.1,USD,Withdrawal,67890,Pi Rec,7775685657
9884,iGi-gmycdy,695056976,nv1anvCamer6595132,7075067793,aA945aaB-a1a0-4434-AAu2-a2E3a2u0Da94,5/6/2025,Withdrawn,136.18,USD,Withdrawal,67890,Pi Rec,7775767798
9884,iGi-gmycdy,699745567,nv1a49816497,7074779107,60aaEEDD-58AE-4aaA-85u5-u88D9D35uEEE,5/6/2025,Captured,2300,USD,Deposit,67890,Pi Rec,7774779677
9884,iGi-gmycdy,706594966,nv1anvJames0660201,7075179573,aD40B3Da-6a0B-4BaA-BEu5-BD1901Daaa13,5/6/2025,Withdrawn,467.39,USD,Withdrawal,67890,Pi Rec,7775679578
9884,iGi-gmycdy,706509876,nv1aMyles0295,7074937007,33Bu6aA0-DDD3-452B-B190-1B2E91BD8E6a,5/6/2025,Withdrawn,100,USD,Withdrawal,67890,Pi Rec,7774987777
9884,iGi-gmycdy,706596670,nv1anvHaley6956647,7074976971,A6614321-EB9a-4a1u-94BE-aua814326DB6,5/6/2025,Captured,20,USD,Deposit,67890,Pi Rec,7774976976
9884,iGi-gmycdy,706598778,nv1a18832681,7075018047,D42a8BB4-55Au-4985-8Eu0-a408a3aAa6B5,5/6/2025,Captured,100,USD,Deposit,67890,Pi Rec,7775768747
9884,iGi-gmycdy,706580574,nv1anvUmitc3341834,7074756141,u3a5a35A-auB6-4E86-B0B4-aE8u1uaa48D4,5/6/2025,Captured,75,USD,Deposit,67890,Pi Rec,7774756646
9884,iGi-gmycdy,706607466,nv1anvMicha0952881,7075106377,A46aa6a9-Au0u-4E4a-81Ea-0a12a90uDaBu,5/6/2025,Captured,500,USD,Deposit,67890,Pi Rec,7775676877
9849,iGi-iyoylynd,684695080,md1aAnthony34281md,7074870833,AEA4DB6a-1EE9-490B-96DE-auuEB3A28a11,5/6/2025,Captured,50,USD,Deposit,67890,Pi Rec,7774877888
9884,iGi-gmycdy,684870997,nv1a77115102,7074671868,289ua354-4845-484B-AuBA-8BA964DA1ADD,5/6/2025,Captured,500,USD,Deposit,67890,Pi Rec,7774676868
9884,iGi-gmycdy,706596966,nv1anvSherr3963180,7074997107,B8a66a46-aa4E-46E9-8u3u-D1aB98u5B14a,5/6/2025,Captured,50,USD,Deposit,67890,Pi Rec,777477677
9884,iGi-gmycdy,706597677,nv1anvAmar3415169,7075179864,0D9E4921-82Ba-48a1-A6uA-1a3888DB5A5A,5/6/2025,Withdrawn,600,USD,Withdrawal,67890,Pi Rec,7775679864
9999,iGi-iichimqn,609876960,mi1aJafara9707,7074056309,Aa65BaE3-BD21-48E2-A651-1Bau93aaa0a5,5/6/2025,Withdrawn,300,USD,Withdrawal,67890,Pi Rec,7774756879
9999,iGi-iichimqn,95785680,mi1aRonald13752mi,7074787959,68BDaED4-u1u6-4415-A1EA-1941EBE19au4,5/6/2025,Captured,300,USD,Deposit,67890,Pi Rec,7774787959
9884,iGi-gmycdy,696086664,nv1anvBradl2191191,7074588474,6Da24AEB-uAB5-4a82-B1a4-A2a5BD2D85A5,5/6/2025,Withdrawn,90,USD,Withdrawal,67890,Pi Rec,7774588474
9999,iGi-iichimqn,94760899,mi1aDarmesha2492,7074578774,1045E013-D892-40a0-B3B6-2Eu9a15uD060,5/6/2025,Captured,100,USD,Deposit,67890,Pi Rec,7774578774
9884,iGi-gmycdy,706597680,nv1a3665504,7075004798,262889aa-aDB6-4u6E-B931-uEE2B8Ea4EA8,5/6/2025,Captured,300,USD,Deposit,67890,Pi Rec,7775774798
9999,iGi-iichimqn,685068707,mi1aCornelius303mi,7077961347,EEA89Ea6-DA2A-4B2a-A250-95a96aEa6DBD,4/6/2025,Withdrawn,100,USD,Withdrawal,67890,Pi Rec,7777966847
9884,iGi-gmycdy,669808770,nv1a64752295,7074760771,4BDE918D-35a9-491A-A4uA-45Ea131u30AA,5/6/2025,Withdrawn,4000,USD,Withdrawal,67890,Pi Rec,7774767776
9854,iGi-iiIO,648978067,oh1aohJim7654034,7074731938,2a31BD8D-9BE1-423D-8a09-B81uE659uA9E,5/6/2025,Withdrawn,300,USD,Withdrawal,67890,Pi Rec,7774786988
9884,iGi-gmycdy,706595865,nv1aisXavie7462361,7074970371,481D3943-5A2B-4D3a-A03a-A380AaB2DaA4,5/6/2025,Captured,20,USD,Deposit,67890,Pi Rec,7774977876
9884,iGi-gmycdy,706599856,nv1anvDiego1684927,7075041849,84a3Aa65-0uBA-42a6-95B2-E10D52D5Da98,5/6/2025,Captured,40,USD,Deposit,67890,Pi Rec,7775746849
9854,iGi-iiIO,675706989,oh1aMarc95752in,7074603874,18u5809a-9aE9-4986-B9D0-aEa6D6a8Du56,5/6/2025,Withdrawn,500000,USD,Withdrawal,67890,Pi Rec,7774678874
9884,iGi-gmycdy,706597678,nv1anvLuidg7579044,7074995761,23223312-9a90-4909-B5A6-529aBa8a0a4B,5/6/2025,Captured,100,USD,Deposit,67890,Pi Rec,777475766
9884,iGi-gmycdy,706596658,nv1a94733202,7074976661,6055aAAD-6919-4ua6-92DA-8D5a6441A5aa,5/6/2025,Captured,20,USD,Deposit,67890,Pi Rec,7774976666
9886,iGi-iyttychutettt,700948604,mh1amhPocah9560428,7074676500,9EaaA198-BE45-41A2-8252-a32A86a3E0A9,5/6/2025,Withdrawn,500,USD,Withdrawal,67890,Pi Rec,7774676577
9884,iGi-gmycdy,666770955,nv1anvJonat8314751,7074887680,9a052EE0-Du43-4aE9-A02E-uu26a3DB0415,5/6/2025,Captured,90,USD,Deposit,67890,Pi Rec,7774887687
9999,iGi-iichimqn,97609766,mi1aMATTHEW0181773mi,7074447455,0aB15uB3-8uE5-4AA1-99A5-140u30a4D096,5/6/2025,Captured,400,USD,Deposit,67890,Pi Rec,7774447455
9999,iGi-iichimqn,90780908,mi1aArtwain1987,7074548763,AE9au3aB-689u-4484-9B1u-8B2u8A8A6509,5/6/2025,Withdrawn,350,USD,Withdrawal,67890,Pi Rec,7774548768
9884,iGi-gmycdy,706578487,nv1anvJohn7416680,7074731164,aD3D25Du-8AuA-46E9-BB12-9A8a21B1u5E6,5/6/2025,Captured,250,USD,Deposit,67890,Pi Rec,7774786664
9884,iGi-gmycdy,706597790,nv1anvTaylo0846688,7074998637,a2BB19B1-65D9-4Eu4-A11u-6u39uEaua6B3,5/6/2025,Captured,100,USD,Deposit,67890,Pi Rec,777478687
9884,iGi-gmycdy,667654087,nv1anvRyan5210503,7074730115,0a552116-a5E9-4u83-90a6-344u1550Ea4D,5/6/2025,Captured,4000,USD,Deposit,67890,Pi Rec,7774787665
9884,iGi-gmycdy,706594554,nv1amjKeith3627686,7074945990,aDB2350a-24A5-482E-8B45-2AE13441B6a8,5/6/2025,Captured,200,USD,Deposit,67890,Pi Rec,777494577
9884,iGi-gmycdy,668667806,nv1anvDanie8451451,7074996839,B2563aAE-2BEa-45ua-Ba81-488B3B63u9u4,5/6/2025,Captured,245,USD,Deposit,67890,Pi Rec,777476889
9999,iGi-iichimqn,609876960,mi1aJafara9707,7074058696,4Aa1EaE1-9EDA-4B3a-8500-3438B81D4111,5/6/2025,Withdrawn,500,USD,Withdrawal,67890,Pi Rec,7774758696
9884,iGi-gmycdy,706588480,nv1anvOlive0118739,7075145056,BA44443D-90a2-43a4-9a0E-0E5A448689u6,5/6/2025,Withdrawn,162.71,USD,Withdrawal,67890,Pi Rec,7775645756
9884,iGi-gmycdy,706575665,nv1anvPedro6865623,7074696781,8aE49a43-8uaA-4B4A-A36a-AD20A5228D1u,5/6/2025,Captured,300,USD,Deposit,67890,Pi Rec,7774696786
9884,iGi-gmycdy,687695859,nv1anvJenni4897911,7075115800,324a99A2-95E3-4B29-A594-2ED3uaE189a4,5/6/2025,Withdrawn,287.08,USD,Withdrawal,67890,Pi Rec,7775665877
9854,iGi-iiIO,686504566,oh1aChhayti2922,7075057477,3Da30B52-2E3a-4u19-A9uA-auEB68aAa3u2,5/6/2025,Captured,680,USD,Deposit,67890,Pi Rec,7775757477
9884,iGi-gmycdy,696565609,nv1alaTrent5630276,7074870967,2E2EA34E-828A-4aD6-Bu9E-Ea611aB3A40a,5/6/2025,Withdrawn,40,USD,Withdrawal,67890,Pi Rec,7774877967
9884,iGi-gmycdy,706596964,nv1anvRafae6222998,7075145573,8EB56Eu9-B169-4B82-9Aa4-1u125510960A,5/6/2025,Withdrawn,467.39,USD,Withdrawal,67890,Pi Rec,7775645578
9999,iGi-iichimqn,640577865,mi1aBriana9020,7073497737,1a9a9u1a-aEAu-480B-B9uE-4aD6BB391A3D,4/6/2025,Withdrawn,250,USD,Withdrawal,67890,Pi Rec,7778497787
9884,iGi-gmycdy,706590865,nv1anvTimot7006581,7074883791,D1935DBu-6899-48EE-BEa8-2600a8u0EA1B,5/6/2025,Captured,150,USD,Deposit,67890,Pi Rec,7774888796
9999,iGi-iichimqn,689857784,mi1amiCharl3205992,7074796719,B1Au3aB4-2645-43A5-82aa-8uA106EE91a3,5/6/2025,Withdrawn,481,USD,Withdrawal,67890,Pi Rec,7774796769
9884,iGi-gmycdy,706597678,nv1anvLuidg7579044,7075136756,a0D5E6a3-uE68-432a-ADa2-4uuu935aD2uu,5/6/2025,Withdrawn,400,USD,Withdrawal,67890,Pi Rec,7775686756
9846,iGi-iueoto oico,648544695,pu1apuLuis4784085,7074497756,BBB0Au3A-5BAa-4512-8002-9a9A912503BE,5/6/2025,Withdrawn,325,USD,Withdrawal,67890,Pi Rec,7774497756
9999,iGi-iichimqn,646454864,mi1aBriana4462,7074737001,4B0B99BE-1EB3-4888-A6aa-B4BB42BAD343,5/6/2025,Withdrawn,800,USD,Withdrawal,67890,Pi Rec,7774787776
9999,iGi-iichimqn,697746508,mi1amiMICHE0483160,7074396917,04DD26AE-1A0E-4a59-BB49-DEAa21A42a0D,5/6/2025,Withdrawn,1000,USD,Withdrawal,67890,Pi Rec,7774896967
9884,iGi-gmycdy,706594676,nv1anvTimot4061048,7074947077,D16550aA-aa03-439a-90a3-2229EB1BaE1D,5/6/2025,Captured,100,USD,Deposit,67890,Pi Rec,7774947777
9884,iGi-gmycdy,706597044,nv1anvSarah4035954,7074993607,u9EE1a1B-B9ua-4a3D-9A02-95E38BE01B34,5/6/2025,Captured,250,USD,Deposit,67890,Pi Rec,777478677
9884,iGi-gmycdy,706594998,nv1anvBen2378194,7074954450,4EaB113A-E00D-4a2D-9E10-B6325auA665u,5/6/2025,Captured,50,USD,Deposit,67890,Pi Rec,7774954457
9884,iGi-gmycdy,696565609,nv1alaTrent5630276,7075065434,6141BBa4-40DE-4044-AA9D-a0B382693823,5/6/2025,Captured,20,USD,Deposit,67890,Pi Rec,7775765484
9880,iGi-iIiiiiiii,706589496,mf1amfDarle8793610,7074860707,au68B0A5-uEa2-4B0A-9u2u-0uE2526uD516,5/6/2025,Captured,30,USD,Deposit,67890,Pi Rec,7774867777
9884,iGi-gmycdy,706578768,nv1aThomas23612oh,7074798190,B4DD9A56-BBD5-48a6-AA52-E1A09445Ea94,5/6/2025,Withdrawn,900,USD,Withdrawal,67890,Pi Rec,7774798679
9888,iGi-yoizony,686769680,az1a70017543,7075131580,45D1uE6A-5u68-4a31-BE45-6uuDuD6Aa858,5/6/2025,Captured,2300,USD,Deposit,67890,Pi Rec,7775686587
9884,iGi-gmycdy,686056588,nv1a96442220,7074861857,93EDa82B-9uBA-4368-860a-B5B55u5Du442,5/6/2025,Withdrawn,3000,USD,Withdrawal,67890,Pi Rec,7774866857
9999,iGi-iichimqn,686687578,mi1aNaja1307,7074568071,a8E1906B-6BuD-4088-9E03-aD5D50D321a8,5/6/2025,Captured,120,USD,Deposit,67890,Pi Rec,7774568776
9884,iGi-gmycdy,706597076,nv1anvIra9749767,7074994157,B0528a1a-4aEA-4E95-8244-D28EB811858a,5/6/2025,Captured,250,USD,Deposit,67890,Pi Rec,777474657
9884,iGi-gmycdy,706600665,nv1anvJason6797058,7075057770,88aauE06-4084-4a04-B640-63B41AE6EEu4,5/6/2025,Captured,100,USD,Deposit,67890,Pi Rec,7775757777
9884,iGi-gmycdy,706597559,nv1anvJack1128180,7075003736,99B409a8-a4A6-493u-A3uu-6a251a3a5a5a,5/6/2025,Captured,50,USD,Deposit,67890,Pi Rec,7775778786
9884,iGi-gmycdy,706588566,nv1anvAvary9383345,7075141975,4a3611au-105A-4a8a-8B5a-4B191aE803E5,5/6/2025,Withdrawn,88,USD,Withdrawal,67890,Pi Rec,7775646975
9999,iGi-iichimqn,97644845,mi1aMario0389,7074633478,9D82B22u-DaEA-481a-BA5D-459DD0Aa5uau,5/6/2025,Withdrawn,250,USD,Withdrawal,67890,Pi Rec,7774688478
9884,iGi-gmycdy,706597677,nv1anvAmar3415169,7074996311,20EA108A-D044-46aa-93u4-Baa96110BB01,5/6/2025,Captured,600,USD,Deposit,67890,Pi Rec,777476866
9999,iGi-iichimqn,666570496,mi1aStephanie5602mi,7074877074,3aa9a6a3-3391-4BA8-8B3D-E10Bu2Bu0D1u,5/6/2025,Captured,60,USD,Deposit,67890,Pi Rec,7774877774
9846,iGi-iueoto oico,678770686,pu1apuHecto2544909,7075103435,B0a310AD-816A-4a56-AE60-1E498a5BDEB0,5/6/2025,Withdrawn,250,USD,Withdrawal,67890,Pi Rec,7775678485
9884,iGi-gmycdy,706599786,nv1anvXiong5305008,7075043567,6a33A42B-8B98-43uA-83Ba-u81A54aABD3D,5/6/2025,Captured,20,USD,Deposit,67890,Pi Rec,7775748567
9884,iGi-gmycdy,706594607,nv1anvMegan9925825,7074946756,D063u85D-B0D9-45Aa-85a3-u99a8E02AaaD,5/6/2025,Captured,100,USD,Deposit,67890,Pi Rec,7774946756
9884,iGi-gmycdy,706899786,nv1aWendell27681mf,7074084915,1192BaBA-9Bua-4aE6-8a99-1a29a88aD131,5/6/2025,Withdrawn,100,USD,Withdrawal,67890,Pi Rec,7774784965
9884,iGi-gmycdy,706598897,nv1anvCorne9279836,7075037965,AA460a5u-EDaa-4B99-Ba1A-AEa2EA26484E,5/6/2025,Captured,50,USD,Deposit,67890,Pi Rec,7775787965
9846,iGi-iueoto oico,650556469,pu1apuJose6539332,7074917571,aaEBaBA6-a4B9-4au0-A5E1-9a168aBAEAaa,5/6/2025,Captured,60,USD,Deposit,67890,Pi Rec,7774967576
9999,iGi-iichimqn,700564757,mi1amiDanie8131823,7074561367,0EEABaA2-u380-465u-A94E-Baaa12auADau,5/6/2025,Captured,200,USD,Deposit,67890,Pi Rec,7774566867
9854,iGi-iiIO,675706989,oh1aMarc95752in,7074588381,236D9969-Da6u-4055-9A90-6aBB533Eu8B9,5/6/2025,Withdrawn,500000,USD,Withdrawal,67890,Pi Rec,7774588886
9884,iGi-gmycdy,700505789,nv1anvJai2452910,7074644768,aa2690Ba-45aa-4858-B9u9-D9901A3694B5,5/6/2025,Withdrawn,1025,USD,Withdrawal,67890,Pi Rec,7774644768
9999,iGi-iichimqn,679885846,mi1aCristy8219,7075116777,AE202uE0-Aa81-4BEa-8a18-EA5Aa29DBDa9,5/6/2025,Withdrawn,65,USD,Withdrawal,67890,Pi Rec,7775666777
9884,iGi-gmycdy,706587578,nv1anvWilli3601844,7074777893,u6D14u0a-52aB-4aDA-A61u-ua9E4Aa15BA2,5/6/2025,Captured,25,USD,Deposit,67890,Pi Rec,7774777898
9999,iGi-iichimqn,96660686,mi1asheri268399,7074795557,AA65auBA-B1a1-41A5-8DB2-D1D3ua12Bu50,5/6/2025,Withdrawn,200,USD,Withdrawal,67890,Pi Rec,7774795557
9884,iGi-gmycdy,706608809,nv1aLid1187,7075133867,u4aDE49a-91uu-4aB8-86B5-35366aa062a5,5/6/2025,Withdrawn,250,USD,Withdrawal,67890,Pi Rec,7775688867
9884,iGi-gmycdy,706588480,nv1anvOlive0118739,7074847343,005E35ua-5a90-4B4u-B019-5aaa8321DE62,5/6/2025,Captured,100,USD,Deposit,67890,Pi Rec,7774847848
9999,iGi-iichimqn,97556674,mi1ajoshua249055,7074779785,Euaa0D60-ABaa-4Dau-BaD3-9408aA1E834A,5/6/2025,Captured,4000,USD,Deposit,67890,Pi Rec,7774779785
9854,iGi-iiIO,675706989,oh1aMarc95752in,7074594066,ua9u0AD9-2354-4582-BD45-3uAa616AaD34,5/6/2025,Withdrawn,500000,USD,Withdrawal,67890,Pi Rec,7774594766
9884,iGi-gmycdy,706585787,nv1anvJon6050804,7074949739,a3B950AE-u943-45B8-815B-u5099uA9A5Ea,5/6/2025,Withdrawn,406.25,USD,Withdrawal,67890,Pi Rec,7774949789
9884,iGi-gmycdy,706588886,nv1anvGrant3864978,7074849860,112E4uu3-20Ea-4B6E-8aaa-AA453AD0BA0A,5/6/2025,Captured,250,USD,Deposit,67890,Pi Rec,7774849867
9884,iGi-gmycdy,706599068,nv1anvDequa7041565,7075036539,a91A88aD-0a0B-4458-B3a6-9945E4E0BBBu,5/6/2025,Captured,200,USD,Deposit,67890,Pi Rec,7775786589
9999,iGi-iichimqn,98748076,mi1aAndrew208699,7077430088,41DBA6a5-5AB0-4Eu9-862a-35A300441a05,3/6/2025,Withdrawn,800,USD,Withdrawal,67890,Pi Rec,7777487788
9846,iGi-iueoto oico,648960597,pu1apuKelvi0534684,7074651517,aa163u49-4829-4BAB-B4E4-BBBa6E36a21A,5/6/2025,Withdrawn,500,USD,Withdrawal,67890,Pi Rec,7774656567
9884,iGi-gmycdy,706596778,nv1anvKaden2615747,7074898877,EABauE51-3100-45aD-9152-436ADu36Aau2,5/6/2025,Captured,20,USD,Deposit,67890,Pi Rec,7774898877
9884,iGi-gmycdy,706646676,nv1anyKheon1012051,7074607849,8815E91B-53a2-439a-A046-18EA66Aa03aA,5/6/2025,Captured,5000,USD,Deposit,67890,Pi Rec,7774677849
9884,iGi-gmycdy,706590958,nv1anvJack9379267,7074884679,B591D30D-u2u6-4421-A8a1-9560Da5u42Du,5/6/2025,Captured,200,USD,Deposit,67890,Pi Rec,7774884679
9884,iGi-gmycdy,697598966,nv1anvMicha7621669,7075001119,2uB53BaE-3Au4-4aD8-Ba60-28D21a8E332a,5/6/2025,Withdrawn,400,USD,Withdrawal,67890,Pi Rec,7775776669
9846,iGi-iueoto oico,678770686,pu1apuHecto2544909,7075103647,0A34u0Eu-A486-430E-9B0A-a94062EB133E,5/6/2025,Withdrawn,200,USD,Withdrawal,67890,Pi Rec,7775678647
9884,iGi-gmycdy,706598040,nv1anvGeorg2685388,7075013453,E422ua1a-29u0-481a-Ba1a-aB392A342158,5/6/2025,Captured,115,USD,Deposit,67890,Pi Rec,7775768458
9884,iGi-gmycdy,706597995,nv1aLaw5795,7075017590,8A801192-92DE-4640-A560-90a23B3D31A5,5/6/2025,Captured,80,USD,Deposit,67890,Pi Rec,7775767579
9884,iGi-gmycdy,666756479,nv1a99844667,7074667441,80a14a43-aDB0-4BD9-8392-09DB360u89A2,5/6/2025,Withdrawn,200,USD,Withdrawal,67890,Pi Rec,7774667446
9884,iGi-gmycdy,706590545,nv1a95797754,7074878075,DaB0aE0a-uuE4-4Ba6-A113-AaB5EaB52u55,5/6/2025,Captured,2105,USD,Deposit,67890,Pi Rec,7774878775
9999,iGi-iichimqn,676070987,mi1amiKIAMB1926200,7074011711,0D112A3a-3BuB-456E-9435-99E6851EDDu4,4/6/2025,Withdrawn,80,USD,Withdrawal,67890,Pi Rec,7774766766
9884,iGi-gmycdy,706577886,nv1anvJerod1772471,7074719375,aa39A552-uaa3-4ED3-8aaE-015892B3A0A9,5/6/2025,Captured,20,USD,Deposit,67890,Pi Rec,7774769875
9884,iGi-gmycdy,706600607,nv1anvKent0020126,7075056396,61a6A6E8-a41B-4810-B85A-2B88E424410a,5/6/2025,Captured,50,USD,Deposit,67890,Pi Rec,7775756896
9884,iGi-gmycdy,706578487,nv1anvJohn7416680,7074867409,D51A965B-4DE8-4ua3-9441-aAa2a68B3u9a,5/6/2025,Withdrawn,435.19,USD,Withdrawal,67890,Pi Rec,7774867479
9884,iGi-gmycdy,706584759,nv1anvJorge3544502,7074794709,1E0D381D-53B1-46D8-846B-964a28a5u5D5,5/6/2025,Captured,300,USD,Deposit,67890,Pi Rec,7774794779
9884,iGi-gmycdy,706589654,nv1anvMatt0625312,7075068733,D6E586E0-E14D-42Da-B55E-53a5aD4D8912,5/6/2025,Captured,100,USD,Deposit,67890,Pi Rec,7775768788
9999,iGi-iichimqn,670875088,mi1aAntoine6078,7074854187,B2uu3aD1-00Aa-4Au2-B3uu-E4au2u5aD9uu,5/6/2025,Captured,2500,USD,Deposit,67890,Pi Rec,7774854687
9884,iGi-gmycdy,689705486,nv1anvLazar4335742,7074631397,65uD983B-a3E4-4uBu-AaB1-a0A10AD0D5u0,5/6/2025,Captured,150,USD,Deposit,67890,Pi Rec,7774686897
9884,iGi-gmycdy,668600807,nv1a67814496,7074876634,D0uD4auA-Da4B-4636-AaAa-395auaa410B6,5/6/2025,Withdrawn,4500,USD,Withdrawal,67890,Pi Rec,7774876684
9884,iGi-gmycdy,706577648,nv1a63564240,7074664087,3au362A0-u02A-418E-AD9a-5AaAaB830901,5/6/2025,Captured,2000,USD,Deposit,67890,Pi Rec,7774664787
9999,iGi-iichimqn,680477787,mi1aRaynard7028,7075130607,50a13u6E-1a1A-40aD-9EaB-940aaa23Ea94,5/6/2025,Captured,150,USD,Deposit,67890,Pi Rec,7775687677
9884,iGi-gmycdy,706600579,nv1anvCaleb4106669,7075064708,9A2EA90a-EDuE-4Da1-94D5-a54a41aA284B,5/6/2025,Captured,40,USD,Deposit,67890,Pi Rec,7775764778
9884,iGi-gmycdy,706597706,nv1anvJames6266403,7074996994,E12D4560-BE9A-4189-96a5-BBaB03633A43,5/6/2025,Captured,100,USD,Deposit,67890,Pi Rec,77747674
9884,iGi-gmycdy,698607480,nv1aazJAIME9951305,7074496163,60B8a351-BuA0-43a5-BuA4-a1539Aa6a38E,5/6/2025,Captured,7000,USD,Deposit,67890,Pi Rec,7774496668
9884,iGi-gmycdy,706577704,nv1aisJacob1055030,7074773007,a394E068-DA2a-4au2-Ba5D-4E1E3E5B29B6,5/6/2025,Captured,150,USD,Deposit,67890,Pi Rec,7774778777
9884,iGi-gmycdy,684848846,nv1anvAjay4765428,7074736447,132B1Bu0-4294-46a2-9a45-E2uB04aEE6a5,5/6/2025,Captured,200000,USD,Deposit,67890,Pi Rec,7774786447
9884,iGi-gmycdy,706596679,nv1anvHenry5775593,7074980570,u3E9a9a8-61B2-4aAa-80DE-aa819EDa5A96,5/6/2025,Captured,100,USD,Deposit,67890,Pi Rec,7774987577
9884,iGi-gmycdy,706598687,nv1aJack52792tn2,7074977305,a9533Aaa-E01E-45E4-9018-a63ED2aD5uuB,5/6/2025,Captured,100,USD,Deposit,67890,Pi Rec,7774977875
9884,iGi-gmycdy,706584847,nv1anvWilli7718351,7074790776,35E5B16D-0u29-4BE3-BaD8-a3DB65912319,5/6/2025,Captured,250,USD,Deposit,67890,Pi Rec,7774779776
9846,iGi-iueoto oico,668458776,pu1apuHenry9396690,7074806104,5A5A3A2E-330u-4E9a-8D29-Ba2BA698aBDa,5/6/2025,Withdrawn,180,USD,Withdrawal,67890,Pi Rec,7774876674
9884,iGi-gmycdy,706554887,nv1anvAdam9095881,7075107314,059AA2a0-E183-40BD-8au5-a91aD5E53122,5/6/2025,Withdrawn,1000,USD,Withdrawal,67890,Pi Rec,7775677864
9884,iGi-gmycdy,685860808,nv1anvRonal1851267,7074945440,a8023a89-uB93-425a-8BE6-583DE61u1B02,5/6/2025,Captured,200,USD,Deposit,67890,Pi Rec,7774945447
9884,iGi-gmycdy,706556776,nv1aPatrick178277,7074484090,u505a2uD-5342-4D59-89EE-Aaa23aE8uaA3,5/6/2025,Captured,2500,USD,Deposit,67890,Pi Rec,7774484779
9884,iGi-gmycdy,706594480,nv1anvErin2825830,7074944076,3AA38uaa-0Au0-4aa2-B4E0-1a19uA14a55a,5/6/2025,Captured,45,USD,Deposit,67890,Pi Rec,7774944776
9884,iGi-gmycdy,706594786,nv1anvNatha9283045,7074941666,BD3548AB-a150-4aD0-8uuB-EEaA5a14a0EB,5/6/2025,Captured,250,USD,Deposit,67890,Pi Rec,7774946666
9884,iGi-gmycdy,706568564,nv1anvJosep2460083,7074614957,uADD442B-5A4D-41Da-88A3-A58uB2AE1ua4,5/6/2025,Captured,50,USD,Deposit,67890,Pi Rec,7774664957
9884,iGi-gmycdy,706557654,nv1aZach3416,7074811177,B894D6Ba-855B-4a90-82B5-42B1BBA09B4a,5/6/2025,Captured,300,USD,Deposit,67890,Pi Rec,7774866677
9880,iGi-iIiiiiiii,687868759,mf1amfAddam5289357,7074777407,u388DE83-u654-44D9-8Ea8-BD6a4233aa23,5/6/2025,Withdrawn,900,USD,Withdrawal,67890,Pi Rec,7774777477
9999,iGi-iichimqn,607445606,mi1aKadeidra7939,7074374975,920a6E26-1356-4664-91aA-BAaE1EE24399,5/6/2025,Withdrawn,375,USD,Withdrawal,67890,Pi Rec,7774874975
9884,iGi-gmycdy,706600958,nv1a62401403,7075073191,Aaa2a9A6-9A95-4B8a-9aB9-5059uA86A64a,5/6/2025,Captured,100,USD,Deposit,67890,Pi Rec,7775778696
9884,iGi-gmycdy,706586670,nv1amiMark8071189,7074789137,5a8D4E8a-9604-46D5-8a5D-30D6098A333E,5/6/2025,Withdrawn,5000,USD,Withdrawal,67890,Pi Rec,7774789687
9884,iGi-gmycdy,706554887,nv1anvAdam9095881,7074477371,381A34DA-Bau6-44E6-B424-auau6a918131,5/6/2025,Captured,800,USD,Deposit,67890,Pi Rec,7774477876
9884,iGi-gmycdy,706596458,nv1anvJason0702175,7074987670,E2185a65-0A08-43aa-9a8E-a35DB8B0924a,5/6/2025,Captured,250,USD,Deposit,67890,Pi Rec,7774987677
9884,iGi-gmycdy,667468688,nv1anvSamue9768718,7074660607,613B3082-9u0B-4DuD-B8a4-6483D9E6E44a,5/6/2025,Captured,1000,USD,Deposit,67890,Pi Rec,7774667677
9854,iGi-iiIO,675706989,oh1aMarc95752in,7074591097,D1Aau063-5u63-4a4A-BEu8-691uD806aB6a,5/6/2025,Withdrawn,500000,USD,Withdrawal,67890,Pi Rec,7774596797
9884,iGi-gmycdy,706595899,nv1anvIan9192850,7074971977,9aa98BE0-022A-4A8a-82au-1A6D11581B0u,5/6/2025,Captured,250,USD,Deposit,67890,Pi Rec,7774976977
9884,iGi-gmycdy,666470589,nv1a95249959,7074191541,0a9BBu06-6152-44DB-9BEa-892A56214E55,5/6/2025,Captured,20,USD,Deposit,67890,Pi Rec,7774696546
9884,iGi-gmycdy,706598684,nv1anvSteve1347197,7074930740,BEA320aa-E42A-4560-B28D-Eu2AB15a8DaA,5/6/2025,Captured,55,USD,Deposit,67890,Pi Rec,7774987747
9846,iGi-iueoto oico,698648786,pu1apuMigue7882391,7074773381,AaEua34A-9BAa-49A3-9145-5aBa099aE93u,5/6/2025,Captured,300,USD,Deposit,67890,Pi Rec,7774778886
9884,iGi-gmycdy,706596008,nv1anvKevin9019302,7075147149,6E1ED3ED-Ba05-4u9B-8B5u-3A8uu06ua061,5/6/2025,Withdrawn,186.96,USD,Withdrawal,67890,Pi Rec,7775647649
9884,iGi-gmycdy,706597778,nv1anvJonat9004479,7075007954,uBB5aauD-48E4-4245-A40a-EB6AD52ua836,5/6/2025,Captured,150,USD,Deposit,67890,Pi Rec,7775777954
9999,iGi-iichimqn,98760688,mi1aquishon0198,7074550930,336BAE16-DB44-4521-8auu-B2uu2990541D,5/6/2025,Withdrawn,35,USD,Withdrawal,67890,Pi Rec,7774557987
9884,iGi-gmycdy,666498766,nv1a70976765,7074974771,a30EAE93-900u-4aa9-A2A8-346225448A5a,5/6/2025,Captured,2851,USD,Deposit,67890,Pi Rec,7774974776
9884,iGi-gmycdy,706596986,nv1anvTim8517237,7074901818,E4aE311B-Bu93-45E3-A18E-a2aD603BB38u,5/6/2025,Captured,100,USD,Deposit,67890,Pi Rec,7774796868
9884,iGi-gmycdy,706589670,nv1anvBrend2693877,7074854490,u1AE4aA3-B341-4a98-B45B-E91uaD621A6A,5/6/2025,Captured,100,USD,Deposit,67890,Pi Rec,7774854479
9884,iGi-gmycdy,706598876,nv1anvErica5433047,7075070567,5E9EE88a-B04a-49uD-9449-3129a256E5B0,5/6/2025,Captured,300,USD,Deposit,67890,Pi Rec,7775777567
9884,iGi-gmycdy,676897664,nv1a40012158,7075038710,219uA2u9-26a1-4B1a-84a6-u194464E3E6E,5/6/2025,Withdrawn,500,USD,Withdrawal,67890,Pi Rec,7775788767
9884,iGi-gmycdy,706574885,nv1anvMicha6429040,7074690763,AE1AE425-8624-4DBD-AD0D-EDAu29D5A3u5,5/6/2025,Captured,500,USD,Deposit,67890,Pi Rec,7774679768
9884,iGi-gmycdy,706594747,nv1anvLuis3194284,7074940844,8DaEE601-aau5-4531-8Eu2-308EE9auuaDA,5/6/2025,Captured,300,USD,Deposit,67890,Pi Rec,7774947844
9999,iGi-iichimqn,668858006,mi1aBrandi1981,7074379868,E6ua683D-DBDB-453A-8DDE-24E885a6480E,5/6/2025,Withdrawn,200,USD,Withdrawal,67890,Pi Rec,7774879868
9884,iGi-gmycdy,706598655,nv1anvCourt8502804,7074931086,u9Da185a-E8ua-4302-919A-56a226aa8EaA,5/6/2025,Captured,250,USD,Deposit,67890,Pi Rec,7774986786
9884,iGi-gmycdy,706606658,nv1anvDoug4462019,7075089689,5E3A3A61-321D-4B48-8923-3Da30a9Aau66,5/6/2025,Captured,50,USD,Deposit,67890,Pi Rec,7775789689
9999,iGi-iichimqn,686866096,mi1aArtavil9668,7074386730,95105D15-DD46-4aE9-B28a-184u631EEaD4,5/6/2025,Withdrawn,502,USD,Withdrawal,67890,Pi Rec,7774886787
9884,iGi-gmycdy,706579786,nv1amjMario4727118,7074748340,a30a3D00-B6u8-4B02-94A1-D3BAADDB0525,5/6/2025,Captured,500,USD,Deposit,67890,Pi Rec,7774748847
9884,iGi-gmycdy,706594688,nv1anvSusan1472733,7074939001,E2AD2014-EaD3-4BAa-9193-23A4BB5BB911,5/6/2025,Captured,100,USD,Deposit,67890,Pi Rec,7774987796
9884,iGi-gmycdy,706598686,nv1aNick88481az,7074931618,822B0621-1u5a-43B0-A083-9E9526uD03B3,5/6/2025,Captured,100,USD,Deposit,67890,Pi Rec,7774986668
9884,iGi-gmycdy,706588454,nv1amhSteve7662617,7074780947,60544521-3aa5-401B-9206-1568B5AE31a2,5/6/2025,Captured,500,USD,Deposit,67890,Pi Rec,7774787947
9884,iGi-gmycdy,706588566,nv1anvAvary9383345,7074843301,2B2Eau9a-6555-4D4D-9E2B-aA41ADBE84aD,5/6/2025,Captured,20,USD,Deposit,67890,Pi Rec,7774848876
9884,iGi-gmycdy,706586878,nv1anvJeff0142562,7074809750,5084D2Du-081D-41u8-8a11-1D2ua2B38A28,5/6/2025,Captured,250,USD,Deposit,67890,Pi Rec,7774879757
9884,iGi-gmycdy,706585866,nv1anvJusti6437217,7074805319,1A693aEA-a615-4a9a-9036-a03E54Da0318,5/6/2025,Captured,50,USD,Deposit,67890,Pi Rec,7774875869
9884,iGi-gmycdy,706598988,nv1anvCarso3268926,7074936776,65Daaa20-30Ba-481B-B188-9916034a5u6u,5/6/2025,Captured,20,USD,Deposit,67890,Pi Rec,7774986776
9884,iGi-gmycdy,666690978,nv1a1512547,7074038511,28aB42AD-1362-4906-959E-1466a640341u,5/6/2025,Withdrawn,646,USD,Withdrawal,67890,Pi Rec,7774788566
9999,iGi-iichimqn,88866880,mi1aDwyane0480,7074345648,Euu86421-EE38-4D02-AD8a-aA11aaD08BA5,5/6/2025,Withdrawn,3050,USD,Withdrawal,67890,Pi Rec,7774845648
9999,iGi-iichimqn,97765780,mi1aWilliam0489772mi,7074181511,3868aaaa-321D-4E3E-95AD-1a682E14a324,5/6/2025,Withdrawn,30,USD,Withdrawal,67890,Pi Rec,7774686566
9884,iGi-gmycdy,706598648,nv1anvReece4509078,7075131345,095u840a-4E41-44u5-B1D9-3E4BDa96au10,5/6/2025,Withdrawn,142.5,USD,Withdrawal,67890,Pi Rec,7775686845
9884,iGi-gmycdy,706584759,nv1anvJorge3544502,7074947907,D80uua2u-aB26-4Eua-9B15-54EDEDEa53a1,5/6/2025,Withdrawn,490,USD,Withdrawal,67890,Pi Rec,7774947797
9884,iGi-gmycdy,706555867,nv1a94658851,7074480343,9042a835-u64A-4E31-B468-1828838E860a,5/6/2025,Captured,1000,USD,Deposit,67890,Pi Rec,7774487848
9846,iGi-iueoto oico,659870885,pu1apuAbria7430702,7075014097,u69u6852-252A-4228-B526-21D6a43Ba08u,5/6/2025,Withdrawn,400,USD,Withdrawal,67890,Pi Rec,7775764797
9999,iGi-iichimqn,644856797,mi1aJacob04953tn3,7074474793,6680u089-aDaD-41D3-BAE6-8D22392a1202,5/6/2025,Withdrawn,200,USD,Withdrawal,67890,Pi Rec,7774474798
9884,iGi-gmycdy,706596900,nv1anvGrego0360432,7074990654,34D92A26-B26D-4ua6-Aaa8-21aa2650D2a5,5/6/2025,Captured,130,USD,Deposit,67890,Pi Rec,777477654
9884,iGi-gmycdy,706580859,nv1anvVince8783012,7074769714,1Bu30u5D-a1aD-4009-BAuu-0D51E0B4DDa0,5/6/2025,Captured,40,USD,Deposit,67890,Pi Rec,7774769764
9884,iGi-gmycdy,706597805,nv1anvSean4768136,7075000174,aAa1509D-u6uE-4B32-B62a-06aa8uEBEa0E,5/6/2025,Captured,50,USD,Deposit,67890,Pi Rec,7775777674
9884,iGi-gmycdy,706595709,nv1anvCaspe0523291,7074958768,52A5813a-3u94-4u23-84a3-8862335uDA29,5/6/2025,Captured,50,USD,Deposit,67890,Pi Rec,7774958768
9884,iGi-gmycdy,706607646,nv1anvRober9993518,7075100871,B4510E66-1a43-4629-8aB1-E30DDuu05E83,5/6/2025,Captured,60,USD,Deposit,67890,Pi Rec,7775677876
9846,iGi-iueoto oico,697685706,pu1apuJoel6438509,7075001337,a42u4194-A10D-40ua-Ba3a-AA865a56BE52,5/6/2025,Captured,455,USD,Deposit,67890,Pi Rec,7775776887
9884,iGi-gmycdy,706597667,nv1anvKaren5761493,7074995034,246B386a-Ba01-44DB-9BAB-9D668au3u486,5/6/2025,Captured,100,USD,Deposit,67890,Pi Rec,777475784
9884,iGi-gmycdy,706568676,nv1anvCasey9671923,7074610470,889u2aBa-4DE1-4A4D-9A30-u3u620906u4u,5/6/2025,Captured,200,USD,Deposit,67890,Pi Rec,7774667477
9884,iGi-gmycdy,706606588,nv1anvNancy8713980,7075087037,4DBa582D-0D6B-413A-A20B-Da29ua6a5u45,5/6/2025,Captured,300,USD,Deposit,67890,Pi Rec,7775787787
9884,iGi-gmycdy,669477976,nv1a62935216,7074618447,aEa2u396-8923-4A45-9056-aaEE0uE00529,5/6/2025,Withdrawn,5000,USD,Withdrawal,67890,Pi Rec,7774668447
9884,iGi-gmycdy,706598468,nv1anvOscar7847911,7074977779,B5EEa391-46u1-4a0A-B53u-0A8253D985a6,5/6/2025,Captured,50,USD,Deposit,67890,Pi Rec,7774977779
9999,iGi-iichimqn,700485497,mi1amiDusti1401939,7074060701,u14a86E5-auuE-4383-A2uA-59645D248u4A,5/6/2025,Withdrawn,400,USD,Withdrawal,67890,Pi Rec,7774767776
9884,iGi-gmycdy,706696506,nv1a73204077,7074030176,2A94u31u-44ua-419B-B6D5-0658D002a2Da,5/6/2025,Withdrawn,100,USD,Withdrawal,67890,Pi Rec,7774787676
9999,iGi-iichimqn,89746668,mi1aJoel0984,7074555176,D90aE48D-D84D-4a0a-89Du-2aB46aE1A83a,5/6/2025,Captured,200,USD,Deposit,67890,Pi Rec,7774555676
9846,iGi-iueoto oico,670654769,pu1apuCarlo5537739,7074499153,A2u95BB4-a290-4451-91E4-a54uD2u32588,5/6/2025,Withdrawn,3700,USD,Withdrawal,67890,Pi Rec,777447658
9846,iGi-iueoto oico,656864076,pu1apuXavie8887480,7075039631,56233a63-a0aD-4BD1-Buu1-611aa8246B25,5/6/2025,Withdrawn,2000,USD,Withdrawal,67890,Pi Rec,7775789686
9854,iGi-iiIO,675706989,oh1aMarc95752in,7074600939,AAuE3aE6-038u-4AB1-BA82-uB05uA4EA031,5/6/2025,Withdrawn,500000,USD,Withdrawal,67890,Pi Rec,7774677989
9884,iGi-gmycdy,686787794,nv1anvBenja9804971,7074674487,5aDD6a62-5566-4auE-9550-D266ua60au0a,5/6/2025,Captured,50,USD,Deposit,67890,Pi Rec,7774674487
9999,iGi-iichimqn,697746508,mi1amiMICHE0483160,7074780144,65629033-1ua5-4A42-BaB9-A1820Ea13D3u,5/6/2025,Withdrawn,800,USD,Withdrawal,67890,Pi Rec,7774787644
9884,iGi-gmycdy,706595886,nv1anvEmman9599127,7074961435,DE3B582D-2auE-4461-Ba81-13E1A8E24D68,5/6/2025,Captured,100,USD,Deposit,67890,Pi Rec,7774966485
9884,iGi-gmycdy,706594787,nv1aohJacob3336373,7074941665,Ea281566-BE5D-40D2-9442-BBE9aBB515uu,5/6/2025,Captured,40,USD,Deposit,67890,Pi Rec,7774946665
9884,iGi-gmycdy,706596807,nv1anvDanie7132306,7074989088,EA535BEB-aB9A-48aA-9aA5-209a5a98aa3D,5/6/2025,Captured,100,USD,Deposit,67890,Pi Rec,7774987988
9884,iGi-gmycdy,706579747,nv1anvJonat7960414,7074747703,0082a1aa-a96u-43ua-A5u8-D354955D0uDa,5/6/2025,Captured,250,USD,Deposit,67890,Pi Rec,7774747778
9884,iGi-gmycdy,706600478,nv1anvPatri9568897,7075067455,u8AEBa34-BaB0-4u5A-911D-E3B818a59uaa,5/6/2025,Captured,150,USD,Deposit,67890,Pi Rec,7775767455
9884,iGi-gmycdy,706597800,nv1a49939786,7074916701,6A9288BD-uaD0-4A2a-89D6-EAuAa4aA9394,5/6/2025,Captured,100,USD,Deposit,67890,Pi Rec,7774966776
9884,iGi-gmycdy,706594570,nv1acoDAMON5416287,7074948603,08a10aD2-8a5a-4aBa-BuEA-a00Eu63Au1a2,5/6/2025,Captured,50,USD,Deposit,67890,Pi Rec,7774948678
9849,iGi-iyoylynd,696488065,md1adcJAHMA1646561,7074755739,0926Aa5a-u9ua-40D5-90BA-A0663E863a09,5/6/2025,Withdrawn,120,USD,Withdrawal,67890,Pi Rec,7774755789
9884,iGi-gmycdy,706576654,nv1a47762067,7074711184,aaaa3524-A80A-46E0-BBAB-493A8a4a6a1B,5/6/2025,Captured,100,USD,Deposit,67890,Pi Rec,7774766684
9884,iGi-gmycdy,706578768,nv1aDaniel20032ny,7074734930,2DuDDu29-DaD2-4D83-ADa8-BD50A02A49B9,5/6/2025,Captured,40,USD,Deposit,67890,Pi Rec,7774784987
9999,iGi-iichimqn,660754088,mi1aAustin82692mi,7074010538,0a0AE13A-E1A8-4A15-93E6-a3AABDBDB39u,4/6/2025,Withdrawn,15005.25,USD,Withdrawal,67890,Pi Rec,7774767588
9884,iGi-gmycdy,706646676,nv1anyKheon1012051,7075170514,544EaBD2-a62B-4998-9851-u33a55520AD3,5/6/2025,Captured,5000,USD,Deposit,67890,Pi Rec,7775677564
9880,iGi-iIiiiiiii,706577680,mf1alaLEVY5386816,7074663916,85BB5BB2-2aD6-42AA-922B-E3a030BEa195,5/6/2025,Captured,3000,USD,Deposit,67890,Pi Rec,7774668966
9999,iGi-iichimqn,667880609,mi1aMatthew9576992mi2,7074865388,a4Buau02-aB8A-45Au-Aa82-D94DB6Buu14u,5/6/2025,Withdrawn,150,USD,Withdrawal,67890,Pi Rec,7774865888
9884,iGi-gmycdy,706578944,nv1anvSanif4844612,7074737743,52uua386-2111-4058-BDaE-329100aDaa5E,5/6/2025,Captured,100,USD,Deposit,67890,Pi Rec,7774787748
9884,iGi-gmycdy,666584777,nv1a99964937,7074510011,830u0D56-ua23-40B8-9E0B-au02aaa3u560,5/6/2025,Captured,1400,USD,Deposit,67890,Pi Rec,7774567766
9884,iGi-gmycdy,706595868,nv1anvMark8662585,7074960186,614331a1-B543-4646-9625-8u9A250a4EE2,5/6/2025,Captured,250,USD,Deposit,67890,Pi Rec,7774967686
9999,iGi-iichimqn,609695844,mi1aJAMAR3234,7074604813,3155aA04-6BaA-4a9A-8a3A-56E646491EDE,5/6/2025,Captured,185,USD,Deposit,67890,Pi Rec,7774674868
9999,iGi-iichimqn,98748076,mi1aAndrew208699,7077773898,a01a941a-6958-412a-BD64-0uB24D280688,3/6/2025,Withdrawn,1000,USD,Withdrawal,67890,Pi Rec,7777778898
9849,iGi-iyoylynd,648986507,md1amdScott2772507,7074777715,48uaD486-1B10-450E-BE1a-210433A9213A,5/6/2025,Withdrawn,100,USD,Withdrawal,67890,Pi Rec,7774777765
9884,iGi-gmycdy,706594667,nv1anvTimot6949624,7074938689,16EA4361-545E-4Aaa-8E28-EABuBA0D1a60,5/6/2025,Captured,300,USD,Deposit,67890,Pi Rec,7774988689
9884,iGi-gmycdy,706596966,nv1anvSherr3963180,7075133385,16E6ua83-0a3a-405u-A6aD-Aa22669a6246,5/6/2025,Withdrawn,93.48,USD,Withdrawal,67890,Pi Rec,7775688885
9884,iGi-gmycdy,706596998,nv1anvYiann8001409,7074997490,a4u1u502-6155-413a-A162-9E5uu10B9255,5/6/2025,Captured,300,USD,Deposit,67890,Pi Rec,777477479
9854,iGi-iiIO,675706989,oh1aMarc95752in,7074586574,832A00u5-BA4B-4086-929A-a4B526B039aA,5/6/2025,Withdrawn,500000,USD,Withdrawal,67890,Pi Rec,7774586574
9884,iGi-gmycdy,706590408,nv1anvEddie9144676,7074875913,a91B5113-E62D-439B-94D0-ua88B0u1A056,5/6/2025,Captured,100,USD,Deposit,67890,Pi Rec,7774875968
9884,iGi-gmycdy,666697670,nv1a79751898,7074733513,E123aE1a-aa3D-4auu-9Ba5-005515u1B94E,5/6/2025,Withdrawn,9000,USD,Withdrawal,67890,Pi Rec,7774788568
9884,iGi-gmycdy,706596678,nv1aAnthony53603co,7074976037,aE3uDD2E-a5A6-4DBa-ABa5-Da2auauED249,5/6/2025,Captured,20,USD,Deposit,67890,Pi Rec,7774976787
9884,iGi-gmycdy,706596787,nv1anvColin3131556,7074898877,BB01aa06-344A-449a-Bau6-aa222D6A0DaE,5/6/2025,Captured,20,USD,Deposit,67890,Pi Rec,7774898877
9884,iGi-gmycdy,670606466,nv1a68636114,7074815063,B0851584-BA64-4A40-A1B8-E2a328u0D5DE,5/6/2025,Withdrawn,77.59,USD,Withdrawal,67890,Pi Rec,7774865768
9846,iGi-iueoto oico,648598987,pu1apuGabri5871306,7075057600,EBE6aBEE-6AD5-4894-81E6-10u61aAE4Da2,5/6/2025,Withdrawn,4920,USD,Withdrawal,67890,Pi Rec,7775757677
9884,iGi-gmycdy,688089945,nv1a102098574,7074858770,1A43uA55-DD3E-4a3E-B0D5-D81D5AD1a643,5/6/2025,Captured,40,USD,Deposit,67890,Pi Rec,7774858777
9999,iGi-iichimqn,608469786,mi1aSaif8900,7074170750,69Ba266u-206D-451a-91u9-A096AuE16623,5/6/2025,Withdrawn,8611.39,USD,Withdrawal,67890,Pi Rec,7774677757
9884,iGi-gmycdy,706594966,nv1anvJames0660201,7074953133,12a9auD6-0uDE-43B4-B4Aa-9361E9u51DD6,5/6/2025,Captured,500,USD,Deposit,67890,Pi Rec,7774958688
9884,iGi-gmycdy,706789868,nv1anvDerek0092789,7074596406,au32B24a-D113-4DB2-BDua-0aua5uEA1E3u,5/6/2025,Captured,400,USD,Deposit,67890,Pi Rec,7774596476
9849,iGi-iyoylynd,680867785,md1aDaniel182077,7074563441,198E2D34-AEuE-4621-9a41-a3a868Da2ua2,5/6/2025,Captured,4500,USD,Deposit,67890,Pi Rec,7774568446
9884,iGi-gmycdy,669068688,nv1a100848311,7074536417,6a0A9uD8-2E81-4a66-B220-249BE1BBB41a,5/6/2025,Captured,1000,USD,Deposit,67890,Pi Rec,7774586467
9884,iGi-gmycdy,706584874,nv1anvSean0956269,7074803337,3AAa1Eu5-D453-48A9-B51u-D3a8a323Daa6,5/6/2025,Captured,200,USD,Deposit,67890,Pi Rec,7774878887
9884,iGi-gmycdy,706606946,nv1anvSamue7511796,7075096757,A4923AB6-E656-4aBB-ABE1-6538886B52a0,5/6/2025,Captured,300,USD,Deposit,67890,Pi Rec,7775796757
9999,iGi-iichimqn,95785680,mi1aRonald13752mi,7071987108,535a8A98-BE95-4D2B-A29E-9aa2Bu022EB3,3/6/2025,Withdrawn,4500,USD,Withdrawal,67890,Pi Rec,7776987678
9884,iGi-gmycdy,706588865,nv1anvDenis3543243,7075140490,Ba5a4BuA-aa88-49B6-869A-uE5uAuDA826a,5/6/2025,Withdrawn,330,USD,Withdrawal,67890,Pi Rec,7775647479
9884,iGi-gmycdy,706597690,nv1anvGabri8961429,7075005959,8533A5ua-6606-463A-A10D-1B0995u8Daa9,5/6/2025,Captured,50,USD,Deposit,67890,Pi Rec,7775775959
9884,iGi-gmycdy,706578897,nv1a50434188,7074677770,uA4E4a5D-E138-465a-B4E9-8AB4a8u89uE3,5/6/2025,Captured,100,USD,Deposit,67890,Pi Rec,7774677777
9884,iGi-gmycdy,706598767,nv1ancAlsto3251726,7074937075,auAu63aD-aau8-4523-9AE3-6D66a9341D95,5/6/2025,Captured,20,USD,Deposit,67890,Pi Rec,7774987775
9999,iGi-iichimqn,96660686,mi1asheri268399,7074837881,94a6Aaau-E9u8-42E8-9Au6-A55aa4uuau81,5/6/2025,Withdrawn,200,USD,Withdrawal,67890,Pi Rec,7774887886
9999,iGi-iichimqn,97977000,mi1aStephen02662mi,7070796747,41BAE8AA-26A5-4a4a-B43E-6u55A152aAB6,1/6/2025,Withdrawn,300,USD,Withdrawal,67890,Pi Rec,7777796747
9854,iGi-iiIO,640886667,oh1aDwayne5535,7074668879,E5AaA648-B9D8-46Da-B01E-aA05EBBA94A0,5/6/2025,Captured,62,USD,Deposit,67890,Pi Rec,7774668879
9884,iGi-gmycdy,676968998,nv1anvMicha7324713,7074934370,5BDu1uBB-0A3E-4438-B9D3-48106BA96D39,5/6/2025,Withdrawn,350,USD,Withdrawal,67890,Pi Rec,7774984877
9884,iGi-gmycdy,706588865,nv1anvDenis3543243,7074849579,Aa300EAa-a3A0-4u52-AEDD-823ED42E69Aa,5/6/2025,Captured,100,USD,Deposit,67890,Pi Rec,7774849579
9999,iGi-iichimqn,676778477,mi1amiLaura2926660,7071331994,AA1033BD-50BE-44a2-Bua6-E65aA5EaaE83,2/6/2025,Withdrawn,600,USD,Withdrawal,67890,Pi Rec,777688674
9884,iGi-gmycdy,697807656,nv1anvStefa5325536,7074708798,4D449BA5-A15B-4EaA-9A28-A5B3E2EE98ED,5/6/2025,Withdrawn,100,USD,Withdrawal,67890,Pi Rec,7774778798
